LABEL,ID,TRACK_ID,QUALITY,POSITION_X,POSITION_Y,POSITION_Z,POSITION_T,FRAME,RADIUS,VISIBILITY,MANUAL_SPOT_COLOR,MEAN_INTENSITY_CH1,MEDIAN_INTENSITY_CH1,MIN_INTENSITY_CH1,MAX_INTENSITY_CH1,TOTAL_INTENSITY_CH1,STD_INTENSITY_CH1,MEAN_INTENSITY_CH2,MEDIAN_INTENSITY_CH2,MIN_INTENSITY_CH2,MAX_INTENSITY_CH2,TOTAL_INTENSITY_CH2,STD_INTENSITY_CH2,MEAN_INTENSITY_CH3,MEDIAN_INTENSITY_CH3,MIN_INTENSITY_CH3,MAX_INTENSITY_CH3,TOTAL_INTENSITY_CH3,STD_INTENSITY_CH3,EXTRACK_P_STUCK,EXTRACK_P_DIFFUSIVE,CONTRAST_CH1,SNR_CH1,CONTRAST_CH2,SNR_CH2,CONTRAST_CH3,SNR_CH3
ID52523,52523,0,47.78313828,9.483313079,12.21946011,0,0,0,0.25,1,,11.3442623,11,6,15,692,1.878698538,34.60655738,35,27,42,2111,3.307963566,185.7213115,158,45,475,11329,108.1848928,,,0.008228613,0.09856365,-0.002721782,-0.057103763,0.741216867,1.461563021
ID52369,52369,0,47.02980804,9.480902093,12.21649903,0,3,1,0.25,1,,11.57377049,12,7,17,706,1.736462077,36.18032787,37,27,47,2207,4.492616894,184.7213115,166,56,423,11268,99.44380845,,,9.79E-04,0.013034623,-0.021758046,-0.358242177,0.724995662,1.561408903
ID52217,52217,0,42.33110809,9.553603871,12.21394776,0,6,2,0.25,1,,11.52459016,12,7,16,703,1.920126362,36.09836066,36,27,46,2202,4.918349717,169.8032787,145,59,388,10358,89.9240086,,,0.009538263,0.113415443,0.005405111,0.078915369,0.715904663,1.575659766
ID53220,53220,0,39.09839249,9.514642499,12.19485431,0,9,3,0.25,1,,9.967213115,10,5,14,608,1.9576109,33.67213115,33,23,46,2054,5.290624763,158.8852459,130,56,355,9692,84.2510333,,,-0.065962554,-0.719135189,-0.017629483,-0.228432506,0.68549027,1.533957669
ID52836,52836,0,42.24486923,9.485639864,12.25968974,0,12,4,0.25,1,,10.26229508,10,8,13,626,1.48213404,36.55737705,36,31,46,2230,3.766185471,171.4754098,140,52,395,10460,90.08618217,,,-0.030290228,-0.432561423,0.033332938,0.626234005,0.706962584,1.576689193
ID53007,53007,0,43.3655014,9.513088649,12.24412008,0,15,5,0.25,1,,11.49180328,12,7,15,701,1.689407695,37.78688525,37,27,52,2305,5.686577043,170.5409836,146,37,352,10403,90.44953911,,,0.00187177,0.02541698,0.027778235,0.359190959,0.710550569,1.566431741
ID52922,52922,0,44.13441467,9.408836539,12.15035799,0,18,6,0.25,1,,11.24590164,11,5,17,686,2.165300115,35.45901639,36,27,45,2163,4.314988492,180.7377049,165,58,424,11025,90.87425408,,,-0.013143268,-0.138342442,0.004085573,0.066874303,0.713853428,1.656812153
ID52053,52053,0,42.82112503,9.485542525,12.13473822,0,21,7,0.25,1,,11.70491803,12,6,17,714,2.231175044,36.42622951,37,29,48,2222,4.876675836,168.8360656,144,45,378,10299,89.46734606,,,0.034412081,0.349045527,0.023142038,0.337898288,0.713224432,1.571240325
ID52131,52131,0,41.54396057,9.492800491,12.18952643,0,24,8,0.25,1,,10.95081967,11,8,15,668,1.856755499,35.45901639,34,28,46,2163,4.436867403,165.557377,143,45,389,10099,88.65824357,,,-0.019997166,-0.240692757,0.022427233,0.350609374,0.720477902,1.56397921
ID52288,52288,0,38.16905212,9.549314599,12.19855787,0,27,9,0.25,1,,12.42622951,13,9,17,758,1.910139754,37.47540984,37,27,55,2286,5.457736275,152.5081967,128,48,346,9303,80.31928431,,,0.030149764,0.380791966,0.003932528,0.053793668,0.698855448,1.562191532
ID52757,52757,0,40.18586731,9.551465745,12.25598006,0,30,10,0.25,1,,11.57377049,11,9,15,706,1.617189088,35.52459016,36,26,47,2167,4.570217199,158,127,44,381,9638,90.44187821,,,0.017478495,0.245879799,0.025785022,0.390780946,0.712948134,1.45422375
ID53472,53472,0,41.3525238,9.569091785,12.22183836,0,33,11,0.25,1,,11.37704918,12,7,17,694,2.192136967,37.2295082,37,29,47,2271,4.421136515,162.3278689,143,38,360,9902,87.2833931,,,0.032847255,0.330107151,0.011141131,0.185567056,0.714831963,1.550507443
ID52687,52687,0,47.02189636,9.568059926,12.2629978,0,36,12,0.25,1,,10.68852459,11,6,14,652,2.125566463,33.81967213,34,22,44,2063,4.845988708,179.9016393,159,48,414,10974,99.33087887,,,-0.037557662,-0.39246135,-0.022397292,-0.31977913,0.738767673,1.539030279
ID52454,52454,0,41.1973114,9.599330765,12.28338059,0,39,13,0.25,1,,10.44262295,11,7,15,637,1.928078406,33.42622951,33,26,42,2039,4.051580006,161.3934426,142,44,379,9845,89.02701438,,,-0.049664748,-0.566091065,-0.032718108,-0.558120656,0.71264269,1.508686977
ID53385,53385,0,47.17258835,9.528769533,12.23783681,0,42,14,0.25,1,,9.967213115,9,7,15,608,1.722084136,36.27868852,35,28,48,2213,4.830911396,184.0819672,168,52,403,11229,98.56305851,,,-0.055400586,-0.678916028,0.022667419,0.33290488,0.723988763,1.568644263
ID53561,53561,0,50.90392303,9.485803788,12.24985589,0,45,15,0.25,1,,10.80327869,11,7,14,659,1.739920229,32.03278689,32,27,41,1954,3.188349694,193.5409836,162,41,472,11806,113.0378364,,,-0.006433375,-0.080407784,0.005060313,0.101168204,0.742844657,1.459548154
ID53079,53079,0,42.12202835,9.447369472,12.18490369,0,48,16,0.25,1,,10.63934426,10,7,17,649,1.915139567,33.45901639,33,24,47,2041,4.917905281,164.9836066,140,35,378,10064,92.56123951,,,-0.053688968,-0.630370061,0.008717775,0.117597746,0.715679418,1.487044666
ID52603,52603,0,51.46715546,9.402616758,12.15588234,0,51,17,0.25,1,,10.24590164,10,6,17,625,2.453947417,32.03278689,32,22,42,1954,4.106771697,194.9836066,157,48,438,11894,108.4920107,,,-0.051225213,-0.450853625,-0.029290309,-0.470715771,0.749752166,1.540180164
ID53153,53153,0,47.91681671,9.412458534,12.19547871,0,54,18,0.25,1,,11.04918033,11,7,16,674,2.085075774,30.09836066,29,23,40,1836,3.731420275,190.1803279,171,46,411,11601,100.4882262,,,-0.022210133,-0.240737551,-0.032658725,-0.544650833,0.74260549,1.613019006
ID53312,53312,0,47.75852585,9.42265319,12.23965447,0,57,19,0.25,1,,11.21311475,11,7,16,684,2.025790003,34.57377049,35,26,44,2109,4.695597287,180.3770492,167,47,412,11003,101.1909357,,,0.010628117,0.11641978,-0.014975042,-0.223875568,0.748033998,1.525601558
ID54023,54023,0,42.53232193,9.365363907,12.21958202,0,60,20,0.25,1,,11.49180328,11,7,15,701,1.785337978,33.36065574,33,24,48,2035,4.861525093,162.3442623,133,51,367,9903,89.60466603,,,-0.010867343,-0.141438151,-0.011076244,-0.15371695,0.735743757,1.535950741
ID53712,53712,0,33.81612778,9.285902128,12.18530383,0,63,21,0.25,1,,10.75409836,11,5,14,656,2.078907868,31.40983607,32,22,42,1916,4.748252483,138.7540984,109,38,303,8464,74.02221643,,,-0.037449561,-0.402524202,-0.006547578,-0.087195778,0.697432254,1.540363817
ID53950,53950,0,39.90877151,9.338540591,12.21899269,0,66,22,0.25,1,,11.29508197,11,7,16,689,1.856019597,32.39344262,32,23,39,1976,3.498945977,158.6721311,135,54,345,9679,82.28562477,,,-0.03167746,-0.398168717,-0.007118804,-0.132757672,0.718472757,1.612405731
ID53634,53634,0,40.05083084,9.334842046,12.13776385,0,69,23,0.25,1,,11.06557377,11,8,15,675,1.76888715,35.72131148,37,24,42,2179,3.907817582,158.2786885,141,41,374,9655,86.05678961,,,-0.021469196,-0.274501736,0.041321147,0.725455521,0.732239317,1.554935759
ID53788,53788,0,43.49443054,9.313283863,12.12305773,0,72,24,0.25,1,,11.72131148,12,5,16,715,2.161258488,32.32786885,33,22,41,1972,4.463635706,163.3606557,147,37,375,9965,94.13926435,,,-0.01528638,-0.168381431,-0.005096746,-0.074204545,0.726635137,1.460570362
ID53865,53865,0,42.79854202,9.363990456,12.15936337,0,75,25,0.25,1,,10.86885246,11,7,17,663,1.944868546,32.54098361,32,24,41,1985,4.646051264,167.7868852,141,41,408,10235,96.39469466,,,-0.047806343,-0.561156082,-0.004327709,-0.060886119,0.739569617,1.480035468
ID54792,54792,0,37.39739609,9.409989699,12.19241855,0,78,26,0.25,1,,12.2295082,13,9,17,746,1.935574356,33.90163934,34,25,45,2068,4.023700279,146.1639344,128,39,284,8916,74.8932975,,,0.008762596,0.109767285,0.014338546,0.238203012,0.713856022,1.625786678
ID54307,54307,0,38.03523254,9.420719736,12.2064521,0,81,27,0.25,1,,12.26229508,12,9,16,748,1.526451652,35.1147541,34,27,47,2142,4.622763822,145.9180328,124,45,324,8901,80.8793948,,,0.023757125,0.372834124,0.020660005,0.307515663,0.713271441,1.502206817
ID54156,54156,0,47.97322083,9.405602553,12.16611149,0,84,28,0.25,1,,11.1147541,11,6,17,678,2.176375892,33.57377049,33,24,47,2048,5.367988501,184.147541,162,50,436,11233,102.796212,,,-0.043938083,-0.46940859,0.023467913,0.28682617,0.743410209,1.527734001
ID54090,54090,0,50.59298706,9.445085621,12.17782875,0,87,29,0.25,1,,11.67213115,11,9,20,712,2.300154426,31.6557377,32,19,42,1931,4.519901348,190.9836066,155,42,429,11650,109.7708965,,,-0.001871809,-0.019032611,0.009367334,0.129993078,0.744318353,1.484813311
ID54222,54222,0,42.98661423,9.388641089,12.16004318,0,90,30,0.25,1,,10.91803279,11,7,15,666,1.782274595,32.31147541,31,26,45,1971,4.035430517,166.1639344,133,40,400,10136,94.19238829,,,-0.058645904,-0.763280983,0.014161589,0.223615423,0.731240502,1.490231668
ID54558,54558,0,49.30487823,9.506612261,12.16383575,0,93,31,0.25,1,,11.85245902,12,7,17,723,2.66355693,34.73770492,35,24,45,2119,4.077996401,186.4918033,142,41,429,11376,106.8496799,,,0.006278963,0.055532345,0.013664785,0.229663899,0.750323677,1.496396907
ID54724,54724,0,42.45262909,9.545944219,12.20104243,0,96,32,0.25,1,,11.1147541,11,5,16,678,2.122092997,33.54098361,33,25,43,2046,4.006552011,161.8196721,126,38,377,9871,91.54352484,,,-0.034023848,-0.368962706,0.008733019,0.144951652,0.737170055,1.5002341
ID54402,54402,0,42.51437759,9.495280157,12.23914888,0,99,33,0.25,1,,11.45901639,12,9,14,699,1.44422725,33.06557377,33,25,40,2017,4.126616259,159.6229508,124,41,359,9737,93.98495694,,,-0.01156961,-0.185743853,0.01372124,0.216913609,0.738325825,1.442726008
ID54642,54642,0,41.41045761,9.562872409,12.22185863,0,102,34,0.25,1,,10.59016393,11,7,13,646,1.406852861,30.55737705,31,24,39,1864,3.635586107,162.0491803,126,51,390,9885,90.47770006,,,-0.040693897,-0.638639942,-0.01536984,-0.262402419,0.729853131,1.511337734
ID54481,54481,0,43.52812958,9.563450792,12.3077498,0,105,35,0.25,1,,11.93442623,12,7,17,728,2.227620947,33.16393443,33,23,43,2023,4.487688075,165.0327869,136,43,408,10067,96.23858672,,,0.003693506,0.039430102,0.010898343,0.159340573,0.740999807,1.459722709
ID55013,55013,0,41.89598083,9.497382298,12.30236216,0,108,36,0.25,1,,12.16393443,12,7,19,742,2.303478007,33.04918033,33,26,42,2016,4.026686932,160.4262295,122,39,340,9786,86.55334752,,,-0.013398506,-0.143428222,0.006284742,0.102520186,0.72443291,1.557303903
ID54949,54949,0,38.69234085,9.520190422,12.1924444,0,111,37,0.25,1,,12.37704918,12,9,17,755,1.762232811,35.09836066,34,25,46,2141,4.897975493,153.6393443,145,40,344,9372,82.05791304,,,0.00864958,0.120458802,0.042996883,0.590818636,0.724384433,1.573066159
ID54861,54861,0,40.61942673,9.53670157,12.21484641,0,114,38,0.25,1,,11.60655738,12,8,19,708,2.417151826,33.72131148,33,26,43,2057,3.768868741,159.1967213,131,50,353,9711,86.30581666,,,-0.015007134,-0.14631679,0.011499905,0.203447261,0.718532074,1.542455223
ID55084,55084,0,43.01264954,9.497169254,12.2023441,0,117,39,0.25,1,,12.47540984,12,9,16,761,1.576986127,31.98360656,32,22,41,1951,4.153279039,165.6229508,132,50,380,10103,93.33598162,,,0.019660687,0.305070315,0.01160153,0.176633101,0.735426105,1.503953228
ID55164,55164,0,34.88219452,9.507592183,12.22075796,0,120,40,0.25,1,,11.52459016,12,8,15,703,1.699083649,34.04918033,34,24,42,2077,4.54762293,143.7540984,129,54,342,8769,75.25836736,,,-0.004093,-0.055752416,0.052205575,0.742965245,0.699876255,1.572893762
ID55250,55250,0,45.91683578,9.574744626,12.25993934,0,123,41,0.25,1,,10.52459016,10,7,15,642,1.766414045,31.73770492,32,24,40,1936,3.463628345,178.2295082,157,45,404,10872,100.612026,,,-0.05477269,-0.690510824,0.002767841,0.050584214,0.732754382,1.498239105
ID55490,55490,0,43.54299545,9.536129193,12.24931813,0,126,42,0.25,1,,11.26229508,12,6,17,687,2.242778332,33,34,21,44,2013,5.458937626,176.2131148,159,53,378,10749,92.04765337,,,-0.030528506,-0.31625766,0.035848047,0.418413081,0.715562012,1.59696853
ID55330,55330,0,42.77534485,9.568296075,12.22921577,0,129,43,0.25,1,,12.14754098,12,9,17,741,2.158981747,33.78688525,34,24,47,2061,4.861806091,168.147541,143,43,366,10257,87.69451447,,,-0.013845305,-0.157989006,0.038916106,0.520630272,0.710586125,1.593015004
ID55646,55646,0,40.30530548,9.572947197,12.18892178,0,132,44,0.25,1,,11.47540984,11,8,16,700,1.490039791,33,32,25,42,2013,3.932768321,163.5081967,153,38,375,9974,86.14302505,,,-0.037947204,-0.607548864,0.024067707,0.394413359,0.716240513,1.584273431
ID55724,55724,0,41.84363556,9.56528391,12.23118493,0,135,45,0.25,1,,12.09836066,12,9,17,738,2.385406451,34.13114754,35,24,43,2082,3.268411489,168.0655738,138,52,374,10252,86.366056,,,0.034823968,0.341354718,0.020824221,0.426051365,0.717716397,1.626174241
ID55580,55580,0,43.94706726,9.56068796,12.21781706,0,138,46,0.25,1,,11.95081967,12,8,16,729,2.108919388,32.50819672,32,25,40,1983,4.03989666,173.0655738,150,60,386,10557,90.94079921,,,-0.002763107,-0.031402709,0.01900741,0.300191386,0.724066035,1.598476277
ID55413,55413,0,42.62408066,9.583479608,12.27633268,0,141,47,0.25,1,,11.52459016,12,7,16,703,2.046187979,32.49180328,32,22,44,1982,4.863547919,170.7868852,132,55,387,10418,92.14935608,,,-0.008716831,-0.099053736,0.005146292,0.068409395,0.721440267,1.553461985
ID55813,55813,0,40.29136276,9.664529334,12.28613489,0,144,48,0.25,1,,11.54098361,12,8,14,704,1.373241548,33.18032787,32,25,44,2024,3.717114458,158.2131148,124,47,375,9651,88.93220541,,,-0.013306789,-0.226681985,-0.019992242,-0.364197298,0.714809242,1.483159156
ID56208,56208,0,49.9227829,9.635970983,12.29406392,0,147,49,0.25,1,,11.75409836,12,8,18,717,1.858814476,32.7704918,33,23,44,1999,3.792068225,185.5737705,151,55,407,11320,106.6298049,,,0.022165882,0.274250166,0.031070681,0.520833788,0.741223398,1.481707906
ID55882,55882,0,49.86575317,9.605322902,12.29074052,0,150,50,0.25,1,,10.40983607,10,8,14,635,1.464889634,31.47540984,32,22,42,1920,5.025291227,190.8688525,160,56,440,11643,109.4514315,,,-0.050003188,-0.748073935,0.009905695,0.122869554,0.739803161,1.483063271
ID55971,55971,0,46.23623276,9.570785904,12.26488432,0,153,51,0.25,1,,12.09836066,12,9,16,738,1.398867614,31.90163934,32,24,43,1946,4.300019062,178.1967213,153,47,411,10870,95.3550942,,,0.002663208,0.045944124,0.01792006,0.26121518,0.730083248,1.577216049
ID56045,56045,0,49.16228104,9.616176021,12.27634102,0,156,52,0.25,1,,12.49180328,12,8,16,762,2.157335941,36.18032787,36,27,46,2207,3.926441123,190.3442623,181,58,429,11611,105.6306277,,,0.013730626,0.156857438,0.035679195,0.634882274,0.742798663,1.53604458
ID56119,56119,0,47.03038025,9.649687904,12.27959181,0,159,53,0.25,1,,11.55737705,12,7,16,705,1.893185941,34.73770492,34,24,46,2119,4.202783361,185.5737705,147,61,425,11320,99.86548603,,,-0.001203418,-0.01471077,0.040313312,0.640587473,0.727044273,1.564546784
ID56343,56343,0,47.63312149,9.575224161,12.23464956,0,162,54,0.25,1,,11.80327869,11,9,15,720,1.63115166,32.55737705,32,22,42,1986,4.256464065,187.3606557,173,66,404,11429,96.1422614,,,-0.02111569,-0.312185141,0.022036582,0.329843724,0.733887015,1.649690486
ID56236,56236,0,41.61044693,9.631586119,12.22495571,0,165,55,0.25,1,,12.32786885,12,7,17,752,2.095402201,32.37704918,32,25,40,1975,3.173662104,165.8196721,139,65,386,10115,88.91203672,,,-0.008747753,-0.103839584,0.039812618,0.781217983,0.714237568,1.554093594
ID56479,56479,0,41.14750671,9.652075395,12.29263144,0,168,56,0.25,1,,11.49180328,12,7,16,701,1.822296635,30.45901639,30,23,38,1858,2.866901757,165.9016393,149,48,382,10120,91.10245239,,,-0.023993545,-0.310056493,-0.015266015,-0.329412299,0.718394312,1.522616963
ID56410,56410,0,42.88713074,9.606815449,12.27405273,0,171,57,0.25,1,,11.72131148,12,6,17,715,2.556893607,31.37704918,32,22,41,1914,4.119724645,164.8196721,141,47,349,10054,89.59492326,,,-0.01340264,-0.12455006,0.010832578,0.16323997,0.718129355,1.537809224
ID56538,56538,0,47.15446472,9.609461298,12.33207206,0,174,58,0.25,1,,11.08196721,11,7,18,676,1.696025569,32.95081967,34,24,41,2010,4.659850604,183.2786885,156,57,444,11180,103.2502028,,,-0.03502198,-0.474283193,0.030138901,0.413766999,0.740329452,1.510235268
ID56610,56610,0,41.38179016,9.612654323,12.32335385,0,177,59,0.25,1,,12.1147541,12,8,16,739,1.613467907,31.47540984,32,21,39,1920,4.436990562,164.8688525,145,35,394,10057,93.97561304,,,-0.034374211,-0.534574394,0.003230097,0.045680188,0.7275102,1.477651128
ID57126,57126,0,43.40901184,9.656759947,12.34764463,0,180,60,0.25,1,,12.91803279,12,9,20,788,2.622308665,32.18032787,32,24,40,1963,3.537928757,169.4262295,154,49,383,10335,94.77349472,,,-0.008596009,-0.085425744,0.022821101,0.405889939,0.729490022,1.508082296
ID56839,56839,0,49.28401184,9.644312725,12.2767673,0,183,61,0.25,1,,11.26229508,11,8,15,687,1.642169696,34.21311475,34,24,44,2087,4.131645169,189.8688525,166,52,448,11582,108.4846342,,,-0.026720276,-0.376566891,0.038324601,0.611285493,0.738838032,1.487324065
ID56975,56975,0,46.75644684,9.615361942,12.24288651,0,186,62,0.25,1,,11.36065574,12,7,16,693,1.693446061,31.08196721,32,23,38,1896,2.8884545,181.0327869,144,57,416,11043,99.40220776,,,-0.00312219,-0.042022268,0.027558419,0.577192573,0.728481777,1.535129755
ID56755,56755,0,53.12497711,9.643234,12.2849486,0,189,63,0.25,1,,12.24590164,12,8,16,747,1.858814476,27.47540984,27,20,35,1676,3.476619802,197.5245902,162,55,460,12049,118.1082281,,,-0.002711836,-0.035828406,-0.050774808,-0.845465728,0.752705666,1.436439058
ID57048,57048,0,44.93750763,9.644629797,12.18047946,0,192,64,0.25,1,,12.01639344,12,8,17,733,2.171725913,29.62295082,29,21,40,1807,3.946153969,172.8032787,138,54,380,10541,95.47946021,,,-0.026045992,-0.295938572,0.005461509,0.081551419,0.711627564,1.504927259
ID56904,56904,0,52.39627457,9.713268606,12.33084608,0,195,65,0.25,1,,12.04918033,12,6,17,735,1.66759537,29.2295082,28,22,42,1783,4.627430686,199.6229508,166,37,464,12177,113.0712407,,,0.00513211,0.073785264,-0.033226225,-0.434177906,0.745526337,1.508081782
ID56682,56682,0,43.99573135,9.647633842,12.3737565,0,198,66,0.25,1,,11.04918033,11,7,15,674,2.036551247,28.14754098,28,21,38,1717,3.600166966,173.147541,152,38,416,10562,97.48467163,,,-0.052463416,-0.600793595,-0.046026795,-0.754435948,0.724032331,1.491841019
ID57196,57196,0,45.46099091,9.689404219,12.37392704,0,201,67,0.25,1,,12.29508197,12,8,19,750,2.396833065,31,30,21,42,1891,4.600724581,178.2622951,157,43,423,10874,99.2399284,,,0.007902875,0.080443333,-0.011146353,-0.15190295,0.731697088,1.517967408
ID57318,57318,0,41.1882782,9.63757483,12.34375947,0,204,68,0.25,1,,12.08196721,12,8,16,737,2.084027207,30.32786885,29,21,42,1850,4.14214643,162.147541,138,49,380,9891,89.40690429,,,-0.005279888,-0.061544331,-7.76E-04,-0.011378436,0.716467903,1.514015625
ID57381,57381,0,47.00761414,9.638648443,12.31401834,0,207,69,0.25,1,,12.19672131,11,9,19,744,2.606528164,28.85245902,29,20,38,1760,3.758705742,180.1147541,151,39,405,10987,102.7998214,,,-0.023068429,-0.220985896,-0.018266468,-0.285650812,0.730161911,1.478833746
ID57258,57258,0,48.963974,9.613878444,12.21599627,0,210,70,0.25,1,,12.31147541,12,7,17,751,2.262306961,30.90163934,31,18,39,1885,4.048476742,189.704918,161,46,453,11572,107.4385629,,,0.004361636,0.047265891,0.017367558,0.260603803,0.742043643,1.504245817
ID57524,57524,0,52.88933563,9.605340795,12.32169616,0,213,71,0.25,1,,11.26229508,11,7,16,687,1.824843732,28.96721311,29,22,39,1767,3.430098216,201.0163934,163,48,512,12262,122.6223867,,,-0.029579245,-0.376234163,-0.006989568,-0.118884901,0.747757714,1.402721268
ID57720,57720,0,41.7779007,9.636090287,12.37956795,0,216,72,0.25,1,,14.08196721,14,9,18,859,2.051788504,28.21311475,29,21,35,1721,3.093621147,167.0163934,146,48,346,10188,87.52171003,,,0.060419443,0.782095466,-0.031073862,-0.584949621,0.705193786,1.578367166
ID57459,57459,0,44.72174454,9.583443631,12.34012967,0,219,73,0.25,1,,11.85245902,12,6,18,723,1.796627077,31,32,22,40,1891,4.215052392,175.5245902,137,56,384,10707,96.65188506,,,-0.012770183,-0.170670862,0.019146353,0.276336477,0.71370188,1.512652613
ID57647,57647,0,43.93849945,9.591914502,12.27899841,0,222,74,0.25,1,,12.7704918,13,8,19,779,2.397175022,28.59016393,29,20,35,1744,3.417489572,174.1147541,146,48,403,10621,93.78061249,,,-0.008249876,-0.088630467,-0.040348664,-0.703485467,0.713201107,1.545810194
ID57580,57580,0,53.1942215,9.614686279,12.1970601,0,225,75,0.25,1,,12.75409836,13,9,17,778,1.885521481,29.59016393,29,22,38,1805,3.456284369,202.7540984,182,56,465,12368,115.6646958,,,0.008700008,0.116682548,0.001911226,0.032662592,0.747421336,1.49956976
ID57851,57851,0,47.21103287,9.579317228,12.24626182,0,228,76,0.25,1,,11.50819672,11,7,17,702,2.674714632,26.60655738,26,21,35,1623,3.174264684,185.3278689,163,61,429,11305,105.0447082,,,-0.067356105,-0.621471092,-0.024299602,-0.417501669,0.726823003,1.485174168
ID57784,57784,0,46.56413651,9.610404109,12.28175006,0,231,77,0.25,1,,12.90163934,13,9,17,787,1.795410056,29,29,21,41,1769,4.041451884,184.0327869,162,52,450,11226,103.4878362,,,0.045511671,0.625612099,-0.055339626,-0.840719467,0.733381644,1.50477558
ID57924,57924,0,49.2651825,9.656961263,12.34256295,0,234,78,0.25,1,,12.09836066,12,8,17,738,1.757886212,31.18032787,32,22,38,1902,4.113020774,182.852459,151,47,398,11154,106.0972567,,,0.004792351,0.065650501,-0.01642321,-0.253162602,0.743195526,1.469547507
ID58002,58002,0,53.7391243,9.563096593,12.29502734,0,237,79,0.25,1,,11.86885246,12,6,17,724,2.819429078,28.63934426,29,22,35,1747,2.588646924,202.1147541,172,51,486,12329,120.0050136,,,-0.0586045,-0.524126839,-0.003408168,-0.075670038,0.762125298,1.456861326
ID58152,58152,0,45.82062531,9.535056552,12.27748431,0,240,80,0.25,1,,11.72131148,12,8,15,715,1.771356801,30.21311475,30,23,41,1843,4.487444537,178.3278689,148,54,418,10878,98.60708584,,,-0.034865706,-0.478091338,0.01030809,0.137388627,0.734797749,1.532004561
ID58080,58080,0,50.223423,9.602391751,12.28888404,0,243,81,0.25,1,,12.18032787,12,7,17,743,2.012529062,29.31147541,30,23,38,1788,3.304244662,193.1803279,156,57,476,11784,114.3652786,,,0.015571243,0.185592195,-0.004071531,-0.072531237,0.737218176,1.433640866
ID58390,58390,0,50.24238968,9.512129298,12.26033392,0,246,82,0.25,1,,13.57377049,13,9,19,828,2.327079832,29.7704918,29,20,42,1816,3.835767818,197.0983607,166,52,483,12023,112.5136592,,,0.034419608,0.388175744,0.011155051,0.171244838,0.742598653,1.493016275
ID58323,58323,0,44.95191193,9.479265067,12.26140711,0,249,83,0.25,1,,12.55737705,13,7,18,766,1.953838872,32.01639344,32,24,42,1953,3.556645439,178.6721311,154,58,386,10899,92.14729537,,,-0.015129267,-0.19745987,0.035549878,0.618057566,0.722598791,1.626736881
ID58216,58216,0,46.27493668,9.511814809,12.27973778,0,252,84,0.25,1,,12.09836066,12,8,18,738,2.063208812,29.27868852,29,23,36,1786,3.401622885,183.442623,147,54,377,11190,95.14769652,,,-0.006459756,-0.076250722,-0.007028661,-0.12185163,0.725231724,1.62091905
ID58451,58451,0,50.56057739,9.484701618,12.22839519,0,255,85,0.25,1,,11.01639344,11,8,15,672,1.774746961,28.95081967,29,21,37,1766,4.224635012,192.9180328,159,57,436,11768,105.4261661,,,-0.069607184,-0.928796792,2.30E-04,0.003152857,0.739265671,1.555568075
ID58280,58280,0,48.50078201,9.467243175,12.2590326,0,258,86,0.25,1,,13.06557377,13,10,16,797,1.364659328,29.81967213,30,22,39,1819,3.237839798,183.704918,158,40,427,11206,106.7172814,,,-0.003565999,-0.068527827,-8.32E-04,-0.015333078,0.73912154,1.463194132
ID58607,58607,0,42.98847961,9.449438361,12.24599727,0,261,87,0.25,1,,11.59016393,11,8,16,707,1.874184704,26.44262295,27,19,34,1613,3.542713603,164.8360656,124,45,365,10055,92.50877081,,,-0.049869047,-0.649164538,-0.021251362,-0.324126155,0.720803167,1.492742214
ID58700,58700,0,42.95838928,9.394610668,12.26485662,0,264,88,0.25,1,,12.96721311,13,9,20,791,2.024575784,30.83606557,31,22,38,1881,3.890931028,172.0983607,153,44,386,10498,91.45321298,,,-0.011214887,-0.145289954,0.015640052,0.244080898,0.718381066,1.573414542
ID58513,58513,0,50.45845795,9.367651618,12.27448188,0,267,89,0.25,1,,12.72131148,13,9,17,776,1.854104883,31.60655738,31,24,41,1928,4.188391451,190.557377,171,54,437,11624,104.272963,,,-0.028855042,-0.407723025,0.016979733,0.251987195,0.749870203,1.566261627
ID52574,52574,1,54.96514511,16.63336093,23.69807976,0,0,0,0.25,1,,18.75409836,15,10,38,1144,7.001561106,17.6557377,18,9,23,1077,3.595762533,222.8360656,200,55,541,13593,121.6619881,,,-0.049567017,-0.27938468,-0.06253802,-0.655111651,0.730416285,1.546252527
ID52424,52424,1,53.19119263,16.61928815,23.71496623,0,3,1,0.25,1,,19.03278689,16,11,33,1161,5.761849278,18.2295082,18,12,28,1112,3.761176423,215.852459,187,54,536,13167,116.7567037,,,-0.039460726,-0.271406618,-0.036141256,-0.363472105,0.733278783,1.564248939
ID52264,52264,1,54.9821434,16.64145194,23.70115059,0,6,2,0.25,1,,18.44262295,17,11,36,1125,5.071241104,18.62295082,19,12,24,1136,2.696688923,222.5901639,196,47,522,13578,118.8845907,,,-0.029611551,-0.22194939,-0.028507845,-0.405296385,0.735946945,1.587524576
ID53281,53281,1,54.89549255,16.61388693,23.66255304,0,9,3,0.25,1,,17.39344262,17,9,34,1061,5.707535044,18.80327869,19,14,27,1147,3.320741243,218.2622951,164,40,532,13314,122.4804612,,,-0.044889713,-0.286457543,-0.011591783,-0.132813568,0.724767536,1.497649076
ID52892,52892,1,52.89873505,16.62424627,23.65760908,0,12,4,0.25,1,,18.39344262,18,11,35,1122,5.736661888,16.24590164,16,12,22,991,3.128661789,210.7704918,173,54,465,12857,108.3562632,,,-0.041418998,-0.27707959,-0.107768962,-1.254387074,0.717842251,1.625666744
ID53052,53052,1,53.32645416,16.64882214,23.64679043,0,15,5,0.25,1,,19.70491803,19,9,36,1202,5.854753802,17.40983607,17,11,31,1062,3.796388851,213.2295082,172,54,462,13007,111.9056736,,,-0.025148669,-0.173649125,-0.055174471,-0.535599969,0.734318565,1.613544065
ID52970,52970,1,53.71592712,16.65659981,23.63792548,0,18,6,0.25,1,,18.08196721,16,11,35,1103,6.728781668,18.1147541,18,13,28,1105,3.098915728,216.6065574,195,45,480,13213,115.3269669,,,-0.029071149,-0.160921481,-0.047474446,-0.582687819,0.730698758,1.58594314
ID52097,52097,1,55.76716995,16.68390747,23.60726499,0,21,7,0.25,1,,18.19672131,17,10,36,1110,5.406229962,16.73770492,17,10,23,1021,3.449162407,213.2786885,175,50,461,13010,120.5538788,,,-0.039782948,-0.278904921,-0.086822407,-0.922760152,0.728581275,1.491366797
ID52191,52191,1,55.69596481,16.66799846,23.58464871,0,24,8,0.25,1,,18.26229508,16,10,39,1114,6.813960276,16.68852459,17,9,22,1018,2.486905598,219.4918033,186,58,498,13389,120.6752699,,,-0.016347878,-0.089085213,-0.048560239,-0.684996192,0.731009565,1.536220709
ID52339,52339,1,56.90595245,16.66334628,23.56546377,0,27,9,0.25,1,,19.18032787,19,13,35,1170,5.05142949,17.55737705,18,12,22,1071,2.411946587,223.5737705,182,43,513,13638,126.7041776,,,-0.042444111,-0.336608469,-0.04598597,-0.701766349,0.729702307,1.488792824
ID52807,52807,1,55.29310608,16.64056608,23.5814404,0,30,10,0.25,1,,17.7704918,16,10,33,1084,5.748604012,16.91803279,17,11,23,1032,2.922870062,217.9836066,198,56,492,13297,117.0415157,,,-0.058744592,-0.38585795,-0.053923624,-0.659816578,0.738451413,1.582243283
ID53535,53535,1,54.16941071,16.61949792,23.59337355,0,33,11,0.25,1,,18.03278689,16,8,37,1100,7.243312348,17.32786885,16,13,30,1057,3.627309892,212.0327869,185,46,483,12934,116.6593284,,,-0.029097,-0.149220333,-0.07901531,-0.819689412,0.736729251,1.542017633
ID52720,52720,1,52.87325668,16.6349004,23.61457614,0,36,12,0.25,1,,17.90163934,15,10,36,1092,5.960159165,17.86885246,17,13,24,1090,2.667554497,209.4754098,207,47,484,12778,117.2556476,,,-0.051952408,-0.32918534,-0.050435704,-0.711585461,0.730118293,1.507810303
ID52495,52495,1,54.93961716,16.64429609,23.58406366,0,39,13,0.25,1,,17.36065574,17,10,34,1059,5.173756813,16.54098361,17,11,24,1009,2.520408502,211.3606557,179,50,483,12893,119.2170336,,,-0.071633323,-0.517828164,-0.063800175,-0.894486325,0.732929446,1.499674893
ID53436,53436,1,57.41274643,16.66221196,23.60125782,0,42,14,0.25,1,,18.19672131,16,8,45,1110,6.292375471,17.04918033,17,11,24,1040,3.018974602,221.6885246,196,52,517,13523,127.1983413,,,-0.043796621,-0.264910297,-0.058419262,-0.700765219,0.745728095,1.489003315
ID53612,53612,1,57.20136261,16.67694825,23.61142105,0,45,15,0.25,1,,18.19672131,17,9,36,1110,6.193597964,17.2295082,17,11,26,1051,2.830744558,225.5081967,205,43,510,13756,126.7018315,,,-0.03340722,-0.203084564,-0.049465062,-0.633479651,0.735458079,1.508527497
ID53132,53132,1,53.14010239,16.65298416,23.61204818,0,48,16,0.25,1,,16.95081967,14,8,32,1034,6.676891067,17.8852459,18,10,26,1091,3.733177202,206.1967213,195,58,459,12578,115.2602591,,,-0.056104481,-0.301800553,-0.04042138,-0.403623903,0.73578621,1.516657685
ID52650,52650,1,55.25299835,16.6499553,23.62189948,0,51,17,0.25,1,,15.57377049,15,10,28,950,3.83605273,15.62295082,15,10,22,953,2.950502412,215.3934426,196,47,487,13139,120.0929194,,,-0.086792906,-0.771710043,-0.08674725,-1.005916233,0.723177074,1.505427387
ID53188,53188,1,59.83132553,16.67110694,23.62686171,0,54,18,0.25,1,,16.52459016,15,7,32,1008,5.015331685,16.57377049,17,12,25,1011,2.963438411,232.6721311,198,57,503,14193,133.2094493,,,-0.07720876,-0.5513459,-0.046267313,-0.542629023,0.729930078,1.473981527
ID53350,53350,1,59.26799011,16.65318182,23.62163659,0,57,19,0.25,1,,15.93442623,15,9,33,972,5.108388045,17.03278689,17,10,21,1039,2.228356742,228.9672131,216,53,489,13967,127.3300131,,,-0.101345051,-0.70354539,-0.073728786,-1.216829983,0.732913228,1.521066681
ID54065,54065,1,59.32484436,16.62698427,23.62899255,0,60,20,0.25,1,,19.93442623,17,11,46,1216,7.424887996,17.90163934,18,11,25,1092,3.529423551,237.3606557,220,62,547,14479,128.1703336,,,-0.006307618,-0.034084524,-0.04404205,-0.467355928,0.736322978,1.570684849
ID53759,53759,1,59.24924088,16.65242204,23.62035323,0,63,21,0.25,1,,16.80327869,16,11,31,1025,4.032450339,16.78688525,17,10,25,1024,3.455019315,232.1311475,224,51,514,14160,128.7485243,,,-0.059265247,-0.525034577,-0.071424339,-0.747443849,0.7392512,1.532677848
ID53995,53995,1,57.51511765,16.65751709,23.63119406,0,66,22,0.25,1,,20.09836066,17,11,43,1226,7.658774745,18.54098361,19,12,24,1131,2.736017608,230.4590164,216,41,503,14058,126.3412804,,,-0.005997844,-0.031669352,-0.037856231,-0.533262794,0.739470462,1.550894295
ID53677,53677,1,62.01913071,16.66043404,23.63672447,0,69,23,0.25,1,,19.57377049,17,8,42,1194,7.904553575,17.13114754,18,12,24,1045,2.813511506,240.5245902,197,42,560,14672,135.7588065,,,-0.020613608,-0.104238244,-0.072864708,-0.957065962,0.74687581,1.514983246
ID53835,53835,1,63.47416306,16.65322525,23.64741578,0,72,24,0.25,1,,18.1147541,17,8,40,1105,6.202414478,17.62295082,17,11,24,1075,3.396880601,246.1147541,216,59,558,15013,133.564853,,,-0.057749655,-0.358001417,-0.056627293,-0.622831884,0.746156248,1.57478813
ID53917,53917,1,58.35606384,16.70537656,23.65755764,0,75,25,0.25,1,,17.95081967,14,10,37,1095,7.114366286,17.80327869,17,12,25,1086,2.868330944,228.6885246,195,68,513,13950,124.7296464,,,-0.067674847,-0.366300863,-0.062337191,-0.825279894,0.737868033,1.556921004
ID54835,54835,1,58.40776825,16.71149251,23.67874251,0,78,26,0.25,1,,18.70491803,17,9,37,1141,5.877483198,17.63934426,17,11,25,1076,3.336828768,229.0163934,209,52,507,13970,124.4373325,,,-0.041620334,-0.276415494,-0.044250646,-0.489501597,0.734902285,1.559195069
ID54369,54369,1,58.97669983,16.6981747,23.72174003,0,81,27,0.25,1,,18.18032787,16,9,42,1109,7.039195496,16.52459016,17,11,28,1008,3.202116786,227.4918033,194,58,476,13877,121.7372338,,,-0.048226494,-0.261734371,-0.064594878,-0.712724791,0.738782394,1.587974861
ID54197,54197,1,56.2129097,16.66903268,23.73866657,0,84,28,0.25,1,,16.90163934,16,8,35,1031,6.336941739,17.47540984,17,13,23,1066,2.579447986,227.557377,188,50,497,13881,120.1918639,,,-0.070073977,-0.401964291,-0.050377337,-0.718811012,0.727187054,1.594235991
ID54129,54129,1,56.79999542,16.67168247,23.7339599,0,87,29,0.25,1,,16.80327869,17,11,27,1025,4.110229808,18.16393443,19,13,25,1108,3.050575508,230.1311475,208,58,505,14038,116.4008126,,,-0.054452825,-0.470863617,-0.040683202,-0.505023077,0.725294397,1.662265904
ID54272,54272,1,54.81602097,16.65387428,23.72284563,0,90,30,0.25,1,,17.09836066,15,12,27,1043,4.213885452,17.29508197,17,11,25,1055,3.216334675,220.2622951,195,59,468,13436,113.5799134,,,-0.053275433,-0.45667274,-0.06969287,-0.805662946,0.726886981,1.632569196
ID54607,54607,1,56.24259567,16.69058259,23.71322654,0,93,31,0.25,1,,19.72131148,15,10,51,1203,9.363281383,17.24590164,17,12,27,1052,3.279510826,220.4098361,209,58,489,13445,119.2912929,,,-0.026647573,-0.115325477,-0.052405043,-0.581643895,0.736554257,1.567359457
ID54759,54759,1,51.3327446,16.68894367,23.71370917,0,96,32,0.25,1,,18.08196721,16,11,35,1103,6.984017664,17.03278689,18,11,23,1039,2.886562045,204.0819672,183,42,472,12449,108.2368229,,,-0.048662635,-0.264869171,-0.037907286,-0.464986754,0.731908826,1.593644875
ID54452,54452,1,49.4697113,16.65637536,23.75352337,0,99,33,0.25,1,,18.7704918,17,12,32,1145,5.377091663,17.13114754,16,13,24,1045,2.854676922,203.9344262,200,45,472,12440,109.8652006,,,-0.026863625,-0.192729907,-0.052171291,-0.660634448,0.721235534,1.555597371
ID54694,54694,1,54.54425049,16.67025285,23.73051753,0,102,34,0.25,1,,18.6557377,16,9,36,1138,7.089629153,19.3442623,19,13,25,1180,2.568301942,214.1639344,191,56,498,13064,118.4799815,,,-0.017297677,-0.092637045,-0.006044711,-0.091610397,0.724329452,1.518613489
ID54523,54523,1,51.45370102,16.68807145,23.75066476,0,105,35,0.25,1,,17.36065574,16,10,37,1059,6.279683609,16.49180328,17,9,22,1006,3.324770422,209.3770492,177,35,477,12772,109.0341176,,,-0.070786335,-0.421203717,-0.064529679,-0.684330611,0.719875409,1.607522309
ID55055,55055,1,53.6644783,16.67906098,23.7287929,0,108,36,0.25,1,,17.59016393,15,10,35,1073,6.341338053,17.59016393,17,11,25,1073,3.127176837,216.1147541,186,39,481,13183,115.6721082,,,-0.080781137,-0.487539731,-0.023210947,-0.267324962,0.717473542,1.560995304
ID54988,54988,1,54.34556198,16.65423728,23.70387381,0,111,37,0.25,1,,17.19672131,14,10,42,1049,7.341252555,18.14754098,19,13,23,1107,2.725411685,219.6721311,189,45,472,13400,113.89055,,,-0.080560058,-0.410489346,-0.034758828,-0.479562217,0.724213562,1.620290424
ID54915,54915,1,57.53178024,16.65384786,23.71271082,0,114,38,0.25,1,,20,17,11,42,1220,7.066352194,16.2295082,16,11,22,990,2.597392556,226.704918,216,59,491,13829,118.8471489,,,-0.019908116,-0.114981532,-0.071905486,-0.968205587,0.728844789,1.608352422
ID55137,55137,1,56.00392151,16.64703509,23.73407705,0,117,39,0.25,1,,18.26229508,17,10,35,1114,5.952315066,18.54098361,19,12,24,1131,3.207147073,228.5409836,220,64,525,13941,117.6213662,,,-0.045557327,-0.292892214,-0.038423265,-0.462013008,0.729055963,1.638549949
ID55215,55215,1,51.67195511,16.64824522,23.74359769,0,120,40,0.25,1,,18.98360656,17,12,35,1158,6.227604685,18.19672131,17,11,26,1110,3.097416516,211.2295082,206,56,491,12885,109.382874,,,-0.023938431,-0.149522363,-0.035154437,-0.42810063,0.721711462,1.618968823
ID55303,55303,1,56.79292297,16.65419722,23.72788557,0,123,41,0.25,1,,17.78688525,16,9,40,1085,6.600794786,17.80327869,17,12,26,1086,3.365608772,229.8196721,199,62,531,14019,123.6333973,,,-0.052154814,-0.296545037,-0.031918881,-0.348820709,0.7330292,1.572522208
ID55549,55549,1,59.3082962,16.67591861,23.69386366,0,126,42,0.25,1,,18.91803279,16,11,42,1154,7.530593341,18.13114754,18,12,27,1106,3.258196893,233.0163934,201,54,534,14214,128.4795044,,,-0.072228617,-0.391151592,-0.054365621,-0.63985131,0.737127938,1.539195148
ID55386,55386,1,53.65470505,16.62839705,23.69463309,0,129,43,0.25,1,,19.3442623,17,9,44,1180,7.949602183,17.67213115,18,12,21,1078,2.165804789,215.9672131,194,38,480,13174,115.318106,,,-0.037515931,-0.189696339,-0.015775358,-0.261567995,0.724866997,1.574066344
ID55685,55685,1,55.25136566,16.62974857,23.72544198,0,132,44,0.25,1,,17.78688525,17,9,33,1085,5.692435782,18.03278689,17,10,27,1100,4.408201497,220.2622951,205,55,485,13436,113.3090025,,,-0.056582334,-0.374807794,-0.019347126,-0.161410792,0.728272766,1.638277711
ID55783,55783,1,53.15043259,16.62230497,23.70788763,0,135,45,0.25,1,,19.2295082,16,12,40,1173,7.312987175,16.72131148,17,12,23,1020,2.881730658,211.0819672,189,41,482,12876,111.9220406,,,-0.041030096,-0.225009529,-0.051265587,-0.627087619,0.732583574,1.594881766
ID55615,55615,1,52.61730957,16.60816122,23.73047507,0,138,46,0.25,1,,18.40983607,16,11,41,1123,7.251154044,17.7704918,18,12,27,1084,3.051739628,213,181,43,487,12993,114.631293,,,-0.033969052,-0.178552184,-0.022257299,-0.26511228,0.723427731,1.559942117
ID55462,55462,1,52.24002457,16.58804715,23.72820556,0,141,47,0.25,1,,17.68852459,16,11,33,1079,5.355809878,16,16,10,24,976,2.949576241,214.1311475,204,46,465,13062,106.6837188,,,-0.051608586,-0.359443635,-0.060550459,-0.699252988,0.722559196,1.683879352
ID55860,55860,1,53.6925087,16.6241016,23.70264934,0,144,48,0.25,1,,18.83606557,17,11,34,1149,5.263649963,17.72131148,18,12,24,1081,3.21523015,215.8360656,205,50,450,13166,108.7665973,,,-0.028264442,-0.208173533,-0.031374336,-0.357052731,0.724683676,1.667621537
ID56310,56310,1,54.40994644,16.57808304,23.71631798,0,147,49,0.25,1,,19.21311475,17,11,40,1172,6.870503994,15.60655738,16,10,25,952,2.609461557,213.852459,189,41,493,13045,116.441235,,,-0.031295788,-0.180689903,-0.076217361,-0.98689356,0.732394568,1.552872298
ID55947,55947,1,55.58332825,16.59841046,23.70958465,0,150,50,0.25,1,,19.09836066,19,12,35,1165,5.974124533,16.62295082,17,11,22,1014,3.163141552,222.5409836,185,47,510,13575,121.4931512,,,-0.033176786,-0.219401227,-0.057710382,-0.643708179,0.734973565,1.551911886
ID56014,56014,1,53.3276825,16.61608602,23.72537049,0,153,51,0.25,1,,18.57377049,17,11,35,1133,5.835120725,15.7704918,16,11,28,962,3.570216812,217.4590164,203,56,434,13265,105.544552,,,-0.040507346,-0.268764784,-0.084201018,-0.812265163,0.726885841,1.734499483
ID56095,56095,1,52.92566681,16.60080563,23.75380274,0,156,52,0.25,1,,18.21311475,17,10,35,1111,5.360705035,16.52459016,17,11,24,1008,2.997813411,217.9672131,193,39,469,13296,116.5762936,,,-0.047186062,-0.336509972,-0.071315464,-0.846586991,0.717190352,1.561805408
ID56175,56175,1,56.69965363,16.58021714,23.73742362,0,159,53,0.25,1,,18.21311475,16,13,35,1111,5.276093107,17.21311475,17,9,25,1050,4.000478114,226.1311475,213,43,492,13794,120.7089441,,,-0.046761047,-0.338675836,-0.047250793,-0.426783935,0.734388412,1.586464592
ID56390,56390,1,54.71090317,16.60675361,23.74820852,0,162,54,0.25,1,,18.19672131,16,12,33,1110,5.366003082,16.72131148,17,10,20,1020,2.556893607,222.2131148,196,55,497,13555,116.8051247,,,-0.027537184,-0.192051961,-0.04043873,-0.55120414,0.722449209,1.595874299
ID56279,56279,1,52.95842743,16.5785497,23.75812657,0,165,55,0.25,1,,19.62295082,18,11,42,1197,7.232251688,17.14754098,17,12,24,1046,2.833349405,218.9508197,185,50,489,13356,117.0325348,,,-0.036458893,-0.205330759,-0.024726708,-0.30688219,0.718626725,1.564558343
ID56515,56515,1,53.74205017,16.61113247,23.77927483,0,168,56,0.25,1,,20.29508197,16,11,44,1238,9.131163238,17.83606557,19,12,28,1088,3.272004115,218.8032787,193,52,489,13347,112.0325577,,,-0.027904123,-0.127600972,-0.056483938,-0.652665846,0.723000099,1.639051594
ID56453,56453,1,51.80463028,16.62774688,23.78429078,0,171,57,0.25,1,,20.24590164,18,12,38,1235,6.746988804,16.68852459,17,12,27,1018,3.960391326,209.9344262,186,60,493,12806,109.7428614,,,-0.03056901,-0.189243775,-0.075075757,-0.684074492,0.723926904,1.606620292
ID56577,56577,1,51.60448837,16.59145957,23.80336771,0,174,58,0.25,1,,18.98360656,18,10,36,1158,6.383551267,16.96721311,16,12,25,1035,3.554186326,202.2131148,178,52,441,12335,110.6324417,,,-0.035769284,-0.220635637,-0.085833582,-0.896462842,0.729555753,1.541987087
ID56656,56656,1,52.75693893,16.52911876,23.79385593,0,177,59,0.25,1,,18.31147541,16,11,51,1117,7.04400687,16.78688525,17,13,24,1024,2.775576541,210.5737705,191,52,418,12845,109.4488403,,,-0.070137475,-0.39216149,-0.025320974,-0.314243059,0.721845276,1.613143864
ID57170,57170,1,54.61133575,16.56306792,23.79028481,0,180,60,0.25,1,,19.39344262,15,12,44,1183,8.454345408,16.6557377,16,11,32,1016,3.816129129,214.6557377,178,57,472,13094,112.2012901,,,-0.057406791,-0.279411247,-0.063059664,-0.587503591,0.723733021,1.60650852
ID56883,56883,1,58.89431381,16.56732693,23.78269904,0,183,61,0.25,1,,21.44262295,17,12,52,1308,8.533316257,17.96721311,18,11,24,1096,3.114306842,230.2295082,209,52,481,14044,119.9899153,,,-0.011925584,-0.060656878,-0.035056827,-0.41919895,0.734925484,1.625581377
ID57022,57022,1,54.2061615,16.60420936,23.77343257,0,186,62,0.25,1,,19.47540984,16,13,39,1188,7.628032856,17.7704918,18,10,24,1084,3.504251906,223.9016393,206,52,498,13658,114.7681293,,,-0.046103101,-0.246792947,-0.011909355,-0.122243447,0.717902091,1.630544952
ID56808,56808,1,57.03395462,16.59792575,23.75734494,0,189,63,0.25,1,,18.95081967,17,11,35,1156,5.950983755,17.85245902,19,10,27,1089,4.643404159,226.7540984,198,36,521,13832,128.7943653,,,-0.044634828,-0.297559414,-0.028742855,-0.227555443,0.729532495,1.48526584
ID57100,57100,1,56.11230469,16.59937409,23.78834251,0,192,64,0.25,1,,20.54098361,18,11,43,1253,8.013683653,16.21311475,16,11,26,989,3.642868623,224.9016393,212,52,490,13719,118.1550824,,,-0.04387431,-0.235241724,-0.061887285,-0.587217985,0.718830875,1.592075963
ID56952,56952,1,53.11373138,16.57172585,23.79078573,0,195,65,0.25,1,,20.63934426,18,12,45,1259,7.905763271,15.01639344,15,9,21,916,2.655132158,213.0655738,187,51,477,12997,113.8731559,,,-0.022269681,-0.118926049,-0.099663804,-1.252109293,0.734021037,1.584076196
ID56731,56731,1,54.07165527,16.56466471,23.81179446,0,198,66,0.25,1,,19.62295082,17,11,48,1197,7.565632678,15.57377049,15,10,26,950,2.842880091,211.4590164,184,42,448,12899,116.0505025,,,-0.059163987,-0.326206462,-0.078968026,-0.939381052,0.722210569,1.528223128
ID57233,57233,1,57.44742966,16.54881656,23.80349148,0,201,67,0.25,1,,17.80327869,15,10,41,1086,6.536613986,16.44262295,17,11,25,1003,3.170302773,228.6557377,197,47,490,13948,120.268711,,,-0.079957833,-0.473402375,-0.083033354,-0.939289339,0.731368126,1.606223792
ID57355,57355,1,52.68815231,16.54035252,23.81059004,0,204,68,0.25,1,,21.44262295,19,13,43,1308,6.689605345,16.09836066,16,11,22,982,2.718485596,211.9836066,181,57,431,12931,111.4632214,,,-0.00489108,-0.031509503,-0.073371328,-0.937789268,0.717133413,1.588534314
ID57425,57425,1,58.08161163,16.50920546,23.81445335,0,207,69,0.25,1,,18.47540984,17,11,35,1127,5.302850043,14.95081967,15,11,21,912,2.685927708,227.5245902,205,51,498,13879,125.8000539,,,-0.075661267,-0.570370676,-0.103360054,-1.283321063,0.734184036,1.531395133
ID57294,57294,1,58.97998047,16.52467105,23.82370139,0,210,70,0.25,1,,22.86885246,22,13,43,1395,8.804308434,16.08196721,16,10,25,981,3.012723474,235.8196721,219,50,508,14385,127.2595128,,,0.012823237,0.065772313,-0.050419775,-0.566864343,0.729623081,1.563388318
ID57565,57565,1,57.71826935,16.50302099,23.81676399,0,213,71,0.25,1,,19.03278689,17,11,39,1161,7.016568993,16.75409836,17,11,21,1022,2.188269771,234.7704918,217,49,530,14321,120.0952946,,,-0.066236197,-0.384827351,-0.051815616,-0.836793039,0.725871231,1.644366832
ID57757,57757,1,58.05143356,16.46697687,23.80531749,0,216,72,0.25,1,,18.60655738,17,11,40,1135,6.167870212,16.86885246,16,12,24,1029,3.068525215,233.6557377,225,57,500,14253,123.2729877,,,-0.072275308,-0.470036551,-0.070021567,-0.827836916,0.718724328,1.585238623
ID57500,57500,1,58.24650574,16.47182342,23.81243222,0,219,73,0.25,1,,18.85245902,17,10,39,1150,7.06360641,17.26229508,17,13,20,1053,1.424799861,230.5901639,188,56,513,14066,126.6703566,,,-0.057113575,-0.323334071,-0.035681672,-0.896601467,0.722177835,1.526728948
ID57696,57696,1,62.80815887,16.45216267,23.80222323,0,222,74,0.25,1,,19.95081967,18,12,38,1217,6.181764121,16.08196721,17,12,21,981,2.782655099,244.6065574,218,53,554,14921,132.7958682,,,-0.041708703,-0.280936039,-0.069921782,-0.868966042,0.734876784,1.560484361
ID57623,57623,1,62.10873795,16.44929457,23.79886184,0,225,75,0.25,1,,19.37704918,17,11,36,1182,6.445059954,16.7704918,17,12,25,1023,2.438534004,244.2131148,220,52,550,14897,129.5965682,,,-0.05101168,-0.323220902,-0.041313689,-0.592740263,0.732443942,1.593384829
ID57894,57894,1,56.55028534,16.42846712,23.82087891,0,228,76,0.25,1,,20.14754098,19,10,39,1229,6.534105564,16.83606557,17,12,20,1027,1.743371522,230.6721311,209,37,545,14071,125.3049243,,,-0.033923702,-0.216549764,-0.035299894,-0.706743359,0.726547603,1.549324908
ID57829,57829,1,65.59589386,16.43008991,23.84065372,0,231,77,0.25,1,,21.59016393,19,10,46,1317,9.167655188,18.39344262,18,14,27,1122,2.709727468,257.5245902,230,56,595,15709,136.3328777,,,-0.017724373,-0.08498948,-0.034557948,-0.485947264,0.734592836,1.59991621
ID57974,57974,1,69.3525238,16.40477285,23.83613367,0,234,78,0.25,1,,20.93442623,17,11,42,1277,8.565179221,16.04918033,16,11,22,979,2.819138341,276.3278689,231,52,618,16856,155.3858339,,,-0.040437872,-0.206001224,-0.081809268,-1.01446266,0.731269614,1.502297974
ID58058,58058,1,70.31027222,16.39287256,23.83979045,0,237,79,0.25,1,,22.54098361,19,8,44,1375,8.840387945,16.8852459,18,8,22,1030,3.00609581,280.8032787,257,58,588,17129,145.4553562,,,-0.014383083,-0.074417552,-0.015601158,-0.178041113,0.730095776,1.629341584
ID58193,58193,1,65.74563599,16.39287473,23.82505044,0,240,80,0.25,1,,20.86885246,18,12,45,1273,7.712490756,16.08196721,15,12,24,981,2.590335126,263.0655738,227,47,580,16047,144.4757037,,,-0.052629131,-0.300635374,-0.047223303,-0.615429693,0.730515349,1.53728038
ID58126,58126,1,68.07351685,16.39976816,23.84335742,0,243,81,0.25,1,,20.1147541,16,12,44,1227,8.332863375,16.68852459,17,11,22,1018,2.453167908,268.295082,251,46,557,16366,142.2059943,,,-0.041791184,-0.210559565,-0.036386665,-0.513759797,0.729765047,1.591918192
ID58429,58429,1,60.5355072,16.38683702,23.84407919,0,246,82,0.25,1,,21.37704918,19,14,50,1304,8.782869566,16.78688525,17,11,22,1024,2.504095007,248.9836066,229,61,570,15188,130.1493363,,,-0.032359526,-0.162790645,-0.027406538,-0.377808868,0.729970411,1.614452876
ID58374,58374,1,64.47640228,16.36351582,23.83515298,0,249,83,0.25,1,,22.31147541,18,11,45,1361,9.111423203,16.59016393,18,11,24,1012,3.018703083,259.1311475,237,69,578,15807,138.9223375,,,-0.036223691,-0.184072336,-0.032494269,-0.369159036,0.73325014,1.57822327
ID58250,58250,1,66.33791351,16.3595767,23.84432373,0,252,84,0.25,1,,21.16393443,18,10,43,1291,8.374923538,17.47540984,18,11,25,1066,2.837878065,266.0491803,231,66,587,16229,140.1278495,,,-0.032487316,-0.169708158,-0.031234348,-0.39707939,0.734193335,1.607608852
ID58486,58486,1,63.26710892,16.34838501,23.87686108,0,255,85,0.25,1,,22.63934426,21,14,46,1381,7.496738817,15.31147541,15,11,19,934,2.276993512,254.4262295,216,50,531,15520,134.7167967,,,-0.025016798,-0.154973,-0.037705254,-0.526961636,0.723727857,1.58590336
ID58344,58344,1,63.21185303,16.36320769,23.87004753,0,258,86,0.25,1,,18.90163934,17,11,36,1153,6.425742287,16.59016393,17,12,24,1012,2.011442676,248.2131148,209,56,538,15141,133.0020194,,,-0.083643786,-0.537001521,-0.025064179,-0.424082622,0.736842671,1.583473403
ID58674,58674,1,61.66952133,16.35609625,23.88397586,0,261,87,0.25,1,,20.3442623,18,11,40,1241,6.53167984,18,18,13,25,1098,2.960855732,245.5409836,199,36,510,14978,133.3649846,,,-0.057068232,-0.377017237,-0.023578363,-0.293603694,0.736310342,1.561513402
ID58745,58745,1,59.64175034,16.35091965,23.87981088,0,264,88,0.25,1,,20.19672131,17,12,44,1232,8.342301186,16.14754098,16,11,24,985,2.271827939,242.4098361,221,41,542,14787,132.962448,,,-0.070397959,-0.36668066,-0.071854204,-1.100517449,0.732408233,1.541537911
ID58578,58578,1,65.02005768,16.30789454,23.88691912,0,267,89,0.25,1,,21.2295082,18,13,49,1295,7.374264805,15.47540984,15,11,21,944,2.514004491,255.2131148,257,49,577,15568,144.4034989,,,-0.035818383,-0.213893863,-0.043767284,-0.563497648,0.743336511,1.507160511
