Spot ID,track_id,Quality,X,Y,Z,T,Frame
200833,0,29.69819069,11.15881667,19.00970729,0,12,4
203527,0,28.2571373,10.97922385,18.85360094,0,123,41
200331,0,23.08315659,11.16471154,19.05108496,0,3,1
199947,0,24.41585541,11.2479555,19.10741202,0,0,0
202249,0,27.44816399,11.03538159,18.85683289,0,96,32
206344,0,17.28528023,10.87012818,18.81766965,0,210,70
199695,0,31.980896,11.14695317,19.02420285,0,15,5
199950,0,23.89724731,10.9523531,19.01310358,0,36,12
207886,0,13.96586323,10.87373583,18.8303252,0,267,89
202764,0,28.00901222,10.95046399,18.8675343,0,105,35
200723,0,28.99442482,10.96160046,18.85180955,0,54,18
206610,0,14.32602406,10.96840589,18.79902996,0,228,76
203666,0,20.4368248,11.01666398,18.81705305,0,120,40
206993,0,15.23192024,10.98918051,18.84404324,0,234,78
203927,0,24.12664604,11.03733157,18.77930193,0,147,49
204823,0,18.53188133,10.87221083,18.82085498,0,174,58
205974,0,15.66710758,10.94408678,18.83939667,0,198,66
205588,0,17.44845772,10.92496696,18.77919082,0,192,64
200987,0,27.38514519,11.12763389,18.97944708,0,21,7
205209,0,15.29177856,10.93469264,18.79913929,0,180,60
207384,0,10.79777908,10.9736686,18.782373,0,249,83
204312,0,22.11033058,10.92889814,18.83284009,0,156,52
200990,0,28.6299305,10.95371569,18.98364295,0,39,13
203166,0,23.98321915,10.94961476,18.81077892,0,111,37
202653,0,25.118536,10.98881312,18.81547616,0,90,30
200093,0,26.41425896,10.97620989,18.85903077,0,51,17
201117,0,28.81833267,11.14003245,19.00643248,0,24,8
200359,0,27.87695694,10.94578304,18.8872995,0,48,16
201510,0,26.43834877,11.0275496,18.79848785,0,66,22
203434,0,26.62239075,10.95877898,18.79683933,0,132,44
199594,0,21.132164,11.03901634,19.0120877,0,30,10
206248,0,13.80726147,10.87450583,18.75248685,0,216,72
207784,0,10.26228809,10.9270793,18.79552885,0,261,87
201903,0,28.00910187,10.94443162,18.83958673,0,75,25
204719,0,24.36693573,10.93699439,18.79789716,0,153,51
207283,0,15.39179993,10.95740627,18.85018613,0,243,81
203059,0,24.6785984,10.93387024,18.82053631,0,114,38
200625,0,29.30392456,10.96934141,18.85222671,0,57,19
202160,0,27.91237068,10.93630923,18.82571375,0,78,26
205879,0,19.72904587,10.86925993,18.85626597,0,207,69
203828,0,22.90079117,10.98166711,18.80433805,0,141,47
206523,0,15.77625561,10.91521279,18.77144687,0,222,74
204218,0,21.37870026,10.92713198,18.82653287,0,159,53
202554,0,26.59857559,10.96438715,18.8380731,0,102,34
205501,0,17.19750404,10.89249052,18.79322086,0,183,61
206909,0,13.41981888,10.95528769,18.84080356,0,237,79
203713,0,23.68289948,11.03833937,18.80149157,0,144,48
200513,0,32.0148735,11.10447171,19.04312983,0,18,6
201408,0,26.19475174,11.02706813,18.82889261,0,69,23
205120,0,18.87143707,10.89334612,18.76375665,0,189,63
207686,0,13.05648994,10.9618005,18.84215182,0,255,85
201798,0,24.7933712,11.0247081,18.83798845,0,99,33
199493,0,24.03078842,11.1530442,19.03324839,0,6,2
202955,0,28.47907257,10.95836062,18.84645109,0,108,36
204617,0,19.49888039,10.9044009,18.7619834,0,165,55
205007,0,21.91569138,10.87918913,18.76864128,0,168,56
201295,0,27.75011444,10.97539297,18.81216936,0,60,20
203340,0,26.37851334,11.01677811,18.79423232,0,129,43
206803,0,15.44387817,10.95808617,18.86138005,0,225,75
207187,0,15.46192455,10.93536338,18.87828848,0,240,80
206161,0,18.17362404,10.89168123,18.82643639,0,213,71
202457,0,28.17367554,10.9571039,18.83524382,0,63,21
207577,0,12.68402958,10.93942537,18.83974243,0,252,84
202072,0,26.3880043,11.03471141,18.80259822,0,93,31
205784,0,20.64595795,10.90896951,18.8673747,0,201,67
204511,0,22.76149559,10.93183195,18.80117158,0,162,54
201694,0,26.54442978,10.95768989,18.82314511,0,72,24
205406,0,20.10175705,10.91570948,18.83176878,0,177,59
199389,0,23.94580078,11.07062545,18.98467179,0,27,9
206435,0,16.01596832,10.92349575,18.80299088,0,219,73
204129,0,25.91224289,11.01100897,18.82228109,0,126,42
202855,0,22.0750351,10.96562547,18.82721578,0,117,39
200302,0,27.81698036,10.97893247,18.95208956,0,42,14
206061,0,16.65710831,10.88080325,18.85066007,0,204,68
199277,0,27.05021477,11.13835656,19.0338661,0,9,3
207084,0,12.32670975,10.93710754,18.78795287,0,246,82
205683,0,18.52179909,10.91227977,18.79028432,0,195,65
204915,0,19.34711456,10.89039104,18.77798075,0,171,57
201203,0,30.93643188,10.97449127,18.95769701,0,45,15
203254,0,25.32186317,11.01517496,18.81704746,0,135,45
202356,0,26.75537872,10.91474054,18.91602979,0,87,29
201595,0,25.48648834,10.94765578,18.8507238,0,81,27
204409,0,22.64816284,10.96491926,18.80698687,0,150,50
207993,0,12.00187302,10.90097206,18.79656264,0,264,88
199801,0,22.77761459,10.95174484,19.04454831,0,33,11
201977,0,25.79549217,10.90309873,18.95943085,0,84,28
206712,0,14.32239819,10.98768611,18.80933479,0,231,77
205311,0,17.52348709,10.89722204,18.78016749,0,186,62
207486,0,9.691095352,10.97853894,18.80417106,0,258,86
204028,0,25.25844574,11.00992151,18.82088918,0,138,46
201153,1,14.72336674,15.66500039,9.165000229,0,45,15
200039,1,1.945398927,15.60000039,9.165000229,0,51,17
200134,1,3.128115416,15.66500039,9.165000229,0,48,16
200149,1,14.83549309,15.9250004,9.165000229,0,42,14
200900,1,25.01208496,15.73000039,9.165000229,0,39,13
199555,2,48.06216049,20.26540467,12.86305408,0,30,10
207744,2,17.18571663,20.2440986,12.9101569,0,261,87
203398,2,38.06227875,20.22028273,12.7830301,0,132,44
204677,2,34.58987808,20.24761569,12.88591336,0,153,51
203019,2,41.5257988,20.22262137,12.7993064,0,114,38
206218,2,21.98987579,20.24759261,12.8465858,0,216,72
200585,2,46.3008194,20.31204248,12.84368929,0,57,19
200200,2,40.31801987,20.27148096,12.93125703,0,42,14
207247,2,17.7442627,20.29786561,12.91956084,0,243,81
202127,2,40.87624359,20.29792768,12.93087357,0,78,26
205836,2,23.24940109,20.27378358,12.85943299,0,207,69
203793,2,36.53029633,20.26959743,12.81446149,0,141,47
206865,2,19.52433205,20.29766194,12.92330268,0,237,79
206487,2,18.89933968,20.29079199,12.85618625,0,222,74
202518,2,44.54665756,20.27682781,12.842382,0,102,34
204181,2,26.55537796,20.24343487,12.86377609,0,159,53
205460,2,21.17041397,20.26497511,12.8345683,0,183,61
205076,2,20.59817505,20.30156953,12.86372548,0,189,63
200219,2,43.7461319,20.25749043,12.91543748,0,48,16
201369,2,40.35741043,20.3204003,12.8535423,0,69,23
200217,2,43.67613602,20.24543913,12.81140656,0,3,1
200478,2,48.969944,20.23051986,12.82530355,0,18,6
201758,2,42.61573029,20.28133637,12.88100617,0,99,33
199454,2,44.14080048,20.27632933,12.86107431,0,6,2
207645,2,16.24093246,20.24720373,12.90191732,0,255,85
204578,2,28.11334038,20.24168553,12.87340491,0,165,55
202918,2,43.98985291,20.2217499,12.82631082,0,108,36
203305,2,39.01681137,20.22782284,12.79413379,0,129,43
204975,2,24.09339905,20.24740494,12.86727987,0,168,56
206127,2,21.73150635,20.26531113,12.86982245,0,213,71
201262,2,38.63962173,20.32261901,12.83586592,0,60,20
207149,2,20.00884056,20.28285908,12.90633868,0,240,80
202413,2,41.37214661,20.30148076,12.81450854,0,63,21
199346,2,45.3852272,20.27098461,12.83590722,0,27,9
206774,2,19.26331902,20.30105916,12.86012016,0,225,75
204469,2,28.16687012,20.27118937,12.88327745,0,162,54
205749,2,21.53752327,20.28134587,12.86869519,0,201,67
202036,2,49.23036194,20.28635897,12.88063479,0,93,31
205371,2,25.03012848,20.24055673,12.84448567,0,177,59
201659,2,41.23653793,20.28392845,12.91704132,0,72,24
204091,2,39.46139145,20.2124417,12.79200062,0,126,42
206394,2,20.61884308,20.27759138,12.84918213,0,219,73
199865,2,46.37900925,20.23531674,12.79611269,0,0,0
200892,2,43.40605927,20.24891565,12.84068088,0,21,7
207548,2,14.74021053,20.26981017,12.89537208,0,252,84
202818,2,39.19303513,20.21517922,12.78741779,0,117,39
202309,2,39.10293961,20.28700491,12.84317433,0,87,29
203595,2,39.46632004,20.21584399,12.78095631,0,120,40
207050,2,16.99602318,20.25185054,12.88243473,0,246,82
206031,2,22.53592682,20.27350859,12.8619446,0,204,68
207949,2,16.0261364,20.27986113,12.90662142,0,264,88
199244,2,40.55906677,20.24493092,12.87496194,0,9,3
203219,2,37.3871727,20.2180193,12.81737438,0,135,45
199763,2,48.94401932,20.28152032,12.86185566,0,33,11
204882,2,25.11264801,20.24238987,12.87728918,0,171,57
199889,2,54.09144592,20.27917294,12.89847284,0,36,12
203990,2,34.16394043,20.2267229,12.81883807,0,138,46
206677,2,19.61289215,20.34427154,12.90382488,0,231,77
207445,2,16.4243145,20.24183361,12.9189404,0,258,86
201173,2,43.12498474,20.30035602,12.90461605,0,45,15
205652,2,20.98148346,20.3253713,12.87653921,0,195,65
201946,2,43.53920364,20.29655827,12.87331628,0,84,28
204376,2,32.1031456,20.24784929,12.84997669,0,150,50
200798,2,42.20253754,20.24302609,12.86023334,0,12,4
205278,2,21.70392799,20.26347928,12.84567104,0,186,62
202717,2,37.11507797,20.25176314,12.82137859,0,105,35
201564,2,46.53736877,20.28196213,12.89670566,0,81,27
206307,2,20.60661507,20.2526648,12.86622122,0,210,70
206946,2,19.59795189,20.3245331,12.91090418,0,234,78
199653,2,41.38339615,20.2285497,12.83463801,0,15,5
202213,2,40.61566544,20.26700199,12.85685453,0,96,32
203492,2,36.06978607,20.20157078,12.80734231,0,123,41
207851,2,15.67668343,20.28379717,12.90810115,0,267,89
200937,2,43.88316345,20.28621201,12.89144955,0,39,13
204783,2,24.04494476,20.23122746,12.8486898,0,174,58
205549,2,21.09675407,20.29886399,12.87185672,0,192,64
207345,2,16.2972374,20.24294306,12.8947695,0,249,83
200689,2,41.16906738,20.27763395,12.93622426,0,54,18
203889,2,34.66592026,20.27266039,12.82801005,0,147,49
205937,2,24.09775543,20.30580091,12.85347501,0,198,66
201079,2,43.62965393,20.29408668,12.85029193,0,24,8
200055,2,36.31962204,20.31187393,12.91110958,0,51,17
203125,2,43.38599014,20.22348435,12.7856811,0,111,37
206581,2,19.8888073,20.33406657,12.87712848,0,228,76
205173,2,22.79545593,20.26197777,12.84595214,0,180,60
202617,2,44.36756897,20.29016944,12.85479978,0,90,30
204280,2,28.00971603,20.24596522,12.87016825,0,156,52
201855,2,37.16662598,20.27218104,12.92066212,0,75,25
203646,2,33.48550797,20.26581083,12.83616506,0,144,48
201470,2,42.09760666,20.3164565,12.82958396,0,66,22
207873,3,5.618570328,12.55287091,17.19262329,0,267,89
202753,3,26.26906967,11.55833587,17.69600299,0,105,35
206337,3,25.10885429,11.96323568,17.67809344,0,210,70
199687,3,1.531186581,12.16842952,17.39061969,0,15,5
202246,3,25.20571136,11.76778046,18.09983369,0,96,32
200715,3,28.22239876,10.78772659,17.74831041,0,54,18
205578,3,20.72361374,11.49428452,17.89818825,0,192,64
207370,3,21.52787209,12.42821352,17.38042513,0,249,83
203657,3,26.05393028,11.5955362,17.7955426,0,120,40
206985,3,10.67693043,12.80583265,17.2479539,0,234,78
204809,3,22.38055801,11.22709998,17.41797046,0,174,58
203919,3,16.39865112,11.58362981,17.77371842,0,147,49
205967,3,23.72002983,11.48457741,17.87730574,0,198,66
206606,3,4.574538231,12.63949711,17.46067512,0,228,76
204301,3,11.37653065,11.64802833,17.57494822,0,156,52
200978,3,29.2124424,11.82484112,17.62138237,0,39,13
200080,3,19.78686333,10.74893365,17.68866849,0,51,17
205200,3,7.044337749,11.22516109,17.59332984,0,180,60
203157,3,24.50585175,11.54806197,17.91058652,0,111,37
202644,3,22.91084671,11.25878799,17.52943037,0,90,30
207771,3,12.18413162,12.53524642,17.05674474,0,261,87
199583,3,8.787107468,12.00601093,17.45487784,0,30,10
201501,3,28.75964355,10.88210297,17.45188027,0,66,22
206243,3,13.26303291,12.52264959,17.2178854,0,216,72
201891,3,22.87316513,11.21152198,17.54618339,0,75,25
203426,3,25.1568718,11.64779289,17.80248135,0,132,44
202154,3,22.79921722,11.17417085,17.55503709,0,78,26
203049,3,23.87322426,11.57392955,17.71492502,0,114,38
207273,3,8.410101891,12.58764903,17.25402303,0,243,81
200616,3,27.59225464,10.76798253,17.71498909,0,57,19
204712,3,22.25881386,11.60656899,17.57368622,0,153,51
205869,3,25.47115517,11.95773908,17.62439374,0,207,69
203820,3,28.1548996,11.65253285,17.75122592,0,141,47
206897,3,20.82784081,12.57760813,17.33446568,0,237,79
204209,3,23.05783272,11.63141739,17.7542557,0,159,53
203696,3,17.41453743,11.67587941,17.75059495,0,144,48
205111,3,16.18179703,11.49955295,17.78132327,0,189,63
199478,3,14.94051743,12.73871399,17.29064371,0,6,2
201397,3,29.28196144,11.09800897,17.55072513,0,69,23
205493,3,7.532960892,11.2131901,17.65096663,0,183,61
202549,3,31.77895164,11.63639409,18.00063852,0,102,34
206516,3,13.5645647,12.67781678,17.43842944,0,222,74
200250,3,15.65467358,11.86366415,17.58155065,0,42,14
200505,3,1.472606182,12.12588257,17.53383327,0,18,6
201790,3,31.64621925,11.52903946,17.90814678,0,99,33
207676,3,8.377534866,12.79709075,17.38066416,0,255,85
203331,3,28.98734856,11.7053464,17.76261398,0,129,43
204610,3,25.98493958,11.55660799,17.73467167,0,165,55
201286,3,15.84953785,11.02031966,17.55211338,0,60,20
207173,3,14.8283577,12.82073454,17.26593563,0,240,80
204997,3,26.76082993,11.13755292,17.69461986,0,168,56
202949,3,25.73260498,11.46322081,17.85294937,0,108,36
206148,3,19.33795357,12.52548909,17.21411171,0,213,71
202443,3,19.19721222,10.91539937,17.46831474,0,63,21
207566,3,13.0683403,12.36299266,17.01397865,0,252,84
206797,3,11.56540489,12.7376151,17.65373133,0,225,75
205394,3,20.07609177,11.12575358,17.47660223,0,177,59
202065,3,26.97768402,11.33102809,17.74523145,0,93,31
199377,3,2.525757074,11.98784741,17.50885903,0,27,9
205776,3,22.36165047,11.83048198,17.58340072,0,201,67
204119,3,21.51334,11.80302138,17.77213948,0,126,42
204501,3,14.87714958,11.63659698,17.66806932,0,162,54
201684,3,30.4616127,11.21033352,17.64745534,0,72,24
206424,3,15.84979057,12.62285962,17.18027017,0,219,73
202846,3,27.47396469,11.66663977,17.77759594,0,117,39
206055,3,24.54418182,11.94516711,17.56844498,0,204,68
199269,3,10.9262886,12.60683524,17.74559631,0,9,3
204901,3,9.833958626,11.13002137,17.56743988,0,171,57
207076,3,13.84830761,12.53532488,17.35031534,0,246,82
202347,3,23.02848625,11.20157315,17.46138361,0,87,29
201195,3,24.92839622,11.82329422,17.54976677,0,45,15
207978,3,11.06364632,12.49264676,17.0278847,0,264,88
205677,3,28.28805161,11.47820383,17.80458556,0,195,65
200301,3,27.59020233,12.81809034,17.18208491,0,3,1
200300,3,29.42373276,11.01576791,17.82067187,0,48,16
204403,3,13.43410587,11.6892723,17.64233692,0,150,50
205299,3,8.731891632,11.30913932,17.57023531,0,186,62
201970,3,23.28521538,11.08050081,17.60151048,0,84,28
206704,3,4.36522007,12.6480898,17.41533976,0,231,77
203248,3,29.52950096,11.64354617,17.86766718,0,135,45
199792,3,33.22444153,11.95345107,17.66033696,0,33,11
204021,3,27.74907494,11.6668053,17.81258058,0,138,46
201588,3,26.00980568,11.20729188,17.52865426,0,81,27
207476,3,8.753899574,12.74397995,17.34376907,0,258,86
200824,3,9.588846207,12.60904431,17.45672474,0,12,4
199928,3,22.39784431,12.55816109,17.15751887,0,0,0
203518,3,22.87970924,11.81387221,17.60331363,0,123,41
199932,3,23.40574074,11.82310454,17.58065388,0,36,12
208002,4,9.995306969,22.45678275,20.36146578,0,264,88
201986,4,11.73211384,22.46918345,20.37725624,0,84,28
200321,4,17.31789207,22.64406999,20.10946986,0,42,14
205697,4,12.37071896,22.50606924,20.43993241,0,195,65
202369,4,13.99311352,22.43305381,20.2963439,0,87,29
204417,4,12.83571815,22.48754535,20.23084347,0,150,50
206720,4,14.37683964,22.54272365,20.42399657,0,231,77
207495,4,10.02256393,22.44863608,20.36745064,0,258,86
204037,4,17.59144402,22.47070617,20.25256425,0,138,46
201604,4,13.99751186,22.48479945,20.35107566,0,81,27
206347,4,13.83868027,22.39733411,20.47910711,0,210,70
205322,4,13.32960892,22.45211409,20.30093622,0,186,62
200842,4,17.32836151,22.65672251,20.25060249,0,12,4
202771,4,16.3990097,22.4768283,20.28895262,0,105,35
202257,4,15.17679501,22.46883387,20.22767952,0,96,32
203536,4,16.62105942,22.43305901,20.26250209,0,123,41
205979,4,11.83264065,22.43996181,20.40834623,0,198,66
207899,4,11.2410202,22.466205,20.37398543,0,267,89
199960,4,15.27522087,22.72549149,20.18684324,0,0,0
199704,4,17.06372452,22.64204383,20.23197959,0,15,5
205599,4,10.84568119,22.50172175,20.34614394,0,192,64
207006,4,14.08329678,22.5435438,20.47316101,0,234,78
200733,4,12.55783749,22.49933069,20.33463529,0,54,18
200349,4,16.9183712,22.72577549,20.22434688,0,3,1
206621,4,15.64508724,22.48833111,20.40648204,0,228,76
199965,4,20.69613457,22.58996405,20.21365397,0,36,12
205219,4,10.66155529,22.44047361,20.21139192,0,180,60
203939,4,14.10602474,22.49834823,20.22211473,0,147,49
204834,4,11.50864792,22.42725549,20.23321595,0,174,58
207394,4,10.88000298,22.41902084,20.42735167,0,249,83
204321,4,13.38838005,22.46540012,20.15615906,0,156,52
200101,4,10.86706924,22.54196206,20.33916986,0,51,17
201124,4,20.23753166,22.6433952,20.16861399,0,24,8
203684,4,14.6653595,22.43067187,20.29281174,0,120,40
200996,4,18.59967041,22.65790936,20.13704487,0,21,7
201001,4,17.10536385,22.61108402,20.13847642,0,39,13
203176,4,14.39228821,22.43819687,20.31973208,0,111,37
202664,4,11.44006348,22.43807149,20.335044,0,90,30
199598,4,25.92493629,22.62761815,20.20014798,0,30,10
201518,4,16.16761971,22.53188031,20.27504309,0,66,22
203443,4,15.70283127,22.43754912,20.25395547,0,132,44
200375,4,12.93291283,22.55088244,20.26221033,0,48,16
207798,4,10.26122189,22.40617363,20.39656495,0,261,87
206260,4,16.4747715,22.40081921,20.40476349,0,216,72
201908,4,17.18789101,22.50459582,20.37522369,0,75,25
204730,4,12.88554764,22.46193316,20.20624737,0,153,51
202168,4,15.69425488,22.508143,20.36639729,0,78,26
207294,4,8.679617882,22.44139755,20.47616237,0,243,81
200636,4,11.84096909,22.54797365,20.33053769,0,57,19
203068,4,10.47022438,22.45043867,20.26869792,0,114,38
202563,4,15.78883553,22.47289421,20.24646795,0,102,34
204225,4,13.44909,22.47115758,20.17130039,0,159,53
203840,4,16.75279617,22.49508971,20.22860335,0,141,47
205888,4,9.852274895,22.43612403,20.3598613,0,207,69
200519,4,17.94811058,22.65173999,20.18547556,0,18,6
206534,4,14.64263248,22.46584511,20.42006855,0,222,74
205510,4,10.10719109,22.4415318,20.28681203,0,183,61
206921,4,11.83999825,22.53850981,20.46395436,0,237,79
201417,4,16.32897758,22.6007377,20.30242899,0,69,23
205128,4,13.19139385,22.47718321,20.34797232,0,189,63
201807,4,14.81852245,22.47243729,20.28584886,0,99,33
199503,4,17.36511993,22.69295221,20.23910265,0,6,2
207699,4,9.628688812,22.47747442,20.3950629,0,255,85
203349,4,16.58957672,22.45330116,20.27264416,0,129,43
204629,4,13.50887394,22.43923684,20.26563518,0,165,55
202964,4,14.8917675,22.422182,20.32096258,0,108,36
205017,4,12.72479439,22.47454824,20.19515344,0,168,56
205791,4,10.38798332,22.46816403,20.42591274,0,201,67
207583,4,7.671963215,22.48995326,20.38734446,0,252,84
203742,4,15.13989449,22.48518033,20.23559557,0,144,48
206813,4,15.08106327,22.47568071,20.40333638,0,225,75
201309,4,15.2768755,22.54521432,20.2482672,0,60,20
206172,4,14.91748047,22.41358842,20.4552995,0,213,71
207196,4,10.5432148,22.50275721,20.48933582,0,240,80
202467,4,13.94008255,22.52218497,20.37365238,0,63,21
202083,4,14.80941582,22.46633655,20.33978241,0,93,31
199398,4,25.33965302,22.63876191,20.12930467,0,27,9
205413,4,11.4979353,22.42953857,20.27321711,0,177,59
201706,4,14.81889153,22.49803433,20.35076094,0,72,24
204137,4,17.9858017,22.43541776,20.26320337,0,126,42
204520,4,13.07431221,22.45430879,20.22641427,0,162,54
202863,4,13.37354469,22.44961439,20.24740275,0,117,39
206445,4,15.82241631,22.43308238,20.3892391,0,219,73
199282,4,17.55132294,22.66550224,20.27259383,0,9,3
207094,4,8.954776764,22.447411,20.45635548,0,246,82
206075,4,11.55617142,22.39390103,20.38154782,0,204,68
201211,4,15.70358276,22.58818643,20.16834383,0,45,15
204926,4,11.69931221,22.49617344,20.23778624,0,171,57
199806,4,24.25285721,22.63695418,20.19331497,0,33,11
203261,4,17.56928253,22.44579322,20.19976896,0,135,45
204034,5,17.9230442,13.18325697,19.85938618,0,138,46
200839,5,28.84894753,13.32516379,20.07850438,0,12,4
200325,5,24.26324272,13.24482743,20.13755812,0,42,14
205317,5,18.3894577,13.27961134,19.89966742,0,186,62
207492,5,14.72160149,13.4275357,20.05275535,0,258,86
206345,5,16.16779327,13.36458035,19.92555377,0,210,70
202766,5,19.33530998,13.1555635,19.85083744,0,105,35
203534,5,22.85350037,13.08683862,19.88477836,0,123,41
202254,5,23.93202782,13.0992134,19.95627005,0,96,32
199702,5,29.28460693,13.30880542,20.10648837,0,15,5
199957,5,38.50950623,13.40167918,20.11433777,0,0,0
207892,5,16.82938957,13.37690473,20.04135301,0,267,89
207003,5,16.71175385,13.57804387,20.05130019,0,234,78
205594,5,21.50362396,13.34408842,20.03408839,0,192,64
200346,5,34.93927002,13.37826101,20.22160853,0,3,1
200730,5,28.19318581,13.10521707,20.06000395,0,54,18
199961,5,26.6801815,13.29491386,20.15426009,0,36,12
203673,5,25.49048615,13.08613086,19.77379437,0,120,40
205977,5,22.12643433,13.33523502,19.99697956,0,198,66
206616,5,9.829105377,13.55050123,19.82624693,0,228,76
203935,5,27.92463493,13.04020552,19.84346134,0,147,49
205215,5,16.23727226,13.27366618,19.92812008,0,180,60
200991,5,27.93564987,13.31277485,20.12150133,0,21,7
204830,5,19.64073372,13.30944996,19.93600074,0,174,58
204318,5,24.91212654,13.07068742,19.89919214,0,156,52
207390,5,16.26082039,13.55343573,20.11297011,0,249,83
201123,5,26.6184082,13.31227275,20.17939708,0,24,8
202659,5,28.99370575,13.05807905,19.90340549,0,90,30
203170,5,26.69032288,13.13457771,19.76210465,0,111,37
200999,5,27.80737877,13.37460453,20.17198971,0,39,13
200100,5,23.06654167,13.16039154,20.05127988,0,51,17
201515,5,27.98047638,13.25245702,19.97892749,0,66,22
199596,5,25.39380264,13.20514797,20.15668542,0,30,10
200371,5,23.19486809,13.16700471,20.06289027,0,48,16
207795,5,15.92876148,13.39059268,20.03725182,0,261,87
201906,5,24.38259506,13.15993937,20.01032104,0,75,25
206256,5,14.15997696,13.27032008,19.92047914,0,216,72
203440,5,21.74850845,13.1589739,19.94948752,0,132,44
204726,5,29.76335335,13.05346355,19.79839075,0,153,51
202164,5,27.4620533,13.07405102,19.96353147,0,78,26
203835,5,29.32542229,13.07936615,19.82296323,0,141,47
207290,5,16.42284775,13.63053223,20.00305093,0,243,81
205882,5,17.76636696,13.27246439,19.89302196,0,207,69
200633,5,30.68686295,13.16660528,20.00325109,0,57,19
203064,5,25.70888329,13.20122232,19.80100061,0,114,38
204223,5,25.74951935,13.14410851,19.97958286,0,159,53
206530,5,10.97930717,13.44165694,19.83434599,0,222,74
205505,5,18.8844223,13.31847821,19.92945689,0,183,61
202560,5,21.98787498,13.09899449,19.80463273,0,102,34
201414,5,21.88516235,13.27740042,19.97477827,0,69,23
205126,5,19.40509987,13.39358394,19.94530967,0,189,63
200517,5,28.25793076,13.31858881,20.08361851,0,18,6
206917,5,18.19321251,13.53751684,20.11998516,0,237,79
199498,5,30.57971191,13.31418035,20.07370601,0,6,2
203726,5,30.62070084,13.07320675,19.80517999,0,144,48
201804,5,22.20533943,13.14347482,19.9247318,0,99,33
202962,5,21.182621,13.13262996,19.94336444,0,108,36
204626,5,23.27364349,13.17555537,19.98732041,0,165,55
207696,5,17.07567978,13.61977552,20.11498464,0,255,85
203344,5,22.05838776,13.15635882,19.92002908,0,129,43
205014,5,19.67360497,13.16726578,19.93757238,0,168,56
201306,5,21.87426376,13.20499369,19.94927666,0,60,20
207194,5,19.13812447,13.53810628,20.12801743,0,240,80
206809,5,10.56969738,13.53183003,19.88573148,0,225,75
206168,5,17.87374306,13.24119359,19.89751189,0,213,71
207581,5,18.67716408,13.58674938,20.14814262,0,252,84
205788,5,17.66261482,13.26040436,20.02245496,0,201,67
205410,5,17.96986198,13.2617485,19.99585526,0,177,59
202465,5,24.5867691,13.16320489,19.96594402,0,63,21
202080,5,30.88758659,13.03658605,19.90142093,0,93,31
201703,5,25.1328907,13.22795377,19.92569853,0,72,24
204134,5,24.83924294,13.27070304,19.97939184,0,126,42
204517,5,19.72645378,13.31474322,19.98525659,0,162,54
199396,5,26.73617935,13.25314311,19.91173894,0,27,9
206441,5,14.28789806,13.17551841,19.8144881,0,219,73
202860,5,21.51390266,13.16467281,19.800384,0,117,39
207090,5,17.14699936,13.6427336,19.98977596,0,246,82
199280,5,30.00302887,13.41821952,20.20850045,0,9,3
206070,5,16.14117622,13.13819695,19.90589453,0,204,68
203259,5,25.3090992,13.08640048,19.91780854,0,135,45
201210,5,24.5112648,13.10452766,20.06021918,0,45,15
202367,5,20.07467842,13.05500163,20.06627414,0,87,29
201599,5,29.34562874,13.03383492,19.90036246,0,81,27
206718,5,14.75638485,13.46608981,20.01515216,0,231,77
201982,5,21.40211296,13.02446667,19.90026435,0,84,28
199805,5,26.74658775,13.21749787,20.14556755,0,33,11
205693,5,20.24781227,13.25728989,20.0038627,0,195,65
207997,5,16.25255775,13.34963955,20.0346666,0,264,88
204412,5,24.16540146,13.04240497,19.82442883,0,150,50
204924,5,16.30161285,13.3333523,19.85062459,0,171,57
207111,6,41.36987305,14.63730043,22.93342497,0,246,82
199814,6,10.64886856,15.93789356,21.82061374,0,33,11
204934,6,10.40268135,14.40951118,22.54837785,0,171,57
204425,6,15.78679752,14.66929486,22.59316303,0,150,50
206089,6,21.80661964,14.56481056,23.12579219,0,204,68
201224,6,8.479272842,15.58258027,21.94972327,0,45,15
203272,6,17.63296509,15.16126418,22.49003078,0,135,45
208008,6,39.21970749,14.62057336,22.90065123,0,264,88
206735,6,16.35130882,14.73172842,22.96675227,0,231,77
202382,6,44.65163803,15.09627302,22.45927553,0,87,29
205709,6,24.15153122,14.64732963,23.07954075,0,195,65
204050,6,21.09080887,15.05915702,22.47227757,0,138,46
201617,6,23.6608448,15.14008283,22.44836978,0,81,27
207505,6,12.58012009,14.67969699,22.80289958,0,258,86
202001,6,36.49172592,15.14100761,22.52565652,0,84,28
200848,6,8.860609055,16.10026392,21.80237572,0,12,4
205335,6,14.82539845,14.92785319,22.5279886,0,186,62
200345,6,7.243750572,15.66015647,21.9009956,0,42,14
206361,6,27.83007431,14.5484674,23.29118625,0,210,70
199711,6,8.694381714,15.81479016,21.98287942,0,15,5
202270,6,12.20436287,15.15425043,22.4540972,0,96,32
202780,6,15.99904537,15.24824163,22.45729078,0,105,35
203555,6,6.712636948,14.93563822,22.65865404,0,123,41
207911,6,48.71796417,14.69441452,23.19805832,0,267,89
199979,6,10.14190006,15.80731574,21.76848046,0,36,12
201129,6,16.59289932,16.09699293,21.90925456,0,24,8
200745,6,14.2135334,15.30287278,22.1824403,0,54,18
207016,6,24.88981056,14.74309494,23.04242209,0,234,78
203183,6,32.39634705,14.93617987,22.54287605,0,111,37
205615,6,13.55181313,14.67519387,22.88488653,0,192,64
203951,6,25.17765045,14.89212907,22.59020814,0,147,49
204847,6,14.47002697,14.61782039,22.5955146,0,174,58
205999,6,18.21727943,14.63455212,23.18965606,0,198,66
200366,6,12.66831779,15.79693048,21.78919422,0,3,1
207406,6,30.40585709,14.57080541,22.89850226,0,249,83
204333,6,17.77841377,14.44222788,22.59989347,0,156,52
206637,6,18.55331421,14.73102085,22.79285287,0,228,76
205235,6,13.45383358,14.90598591,22.58968188,0,180,60
201010,6,17.24757957,15.83734319,21.92529323,0,21,7
200112,6,10.55702019,15.38401062,22.06614769,0,51,17
199984,6,10.20629025,16.14931142,22.00826433,0,0,0
201527,6,14.4546051,15.2962,22.41556255,0,66,22
202677,6,19.46934319,15.32494904,22.54085881,0,90,30
201013,6,10.10907841,15.78019978,21.83490811,0,39,13
199609,6,11.00519562,15.79111275,21.87393073,0,30,10
201913,6,5.998086929,15.16212002,22.42147791,0,75,25
202179,6,5.641004086,15.19187327,22.2562896,0,78,26
200642,6,17.15604401,15.32923171,22.21648979,0,57,19
207810,6,28.76213837,14.54798211,22.89679706,0,261,87
203457,6,10.4768362,15.09103316,22.48978004,0,132,44
206273,6,23.13112068,14.73913257,23.16688905,0,216,72
203712,6,11.44832516,14.90217288,22.39541708,0,120,40
204743,6,17.07446098,14.40079111,22.68164146,0,153,51
203079,6,11.61358643,14.92352527,22.55288104,0,114,38
207306,6,24.65260315,14.70475453,23.11800435,0,243,81
203849,6,24.43146515,14.99581079,22.41728646,0,141,47
202575,6,8.952941895,15.33979619,22.4435311,0,102,34
200399,6,8.626933098,15.60244214,21.82390681,0,48,16
205518,6,15.67709827,14.89134489,22.5531218,0,183,61
205901,6,23.77565002,14.49490686,23.22060603,0,207,69
200530,6,13.24479771,15.93067371,21.91522032,0,18,6
205138,6,7.121343136,14.84447177,22.6525393,0,189,63
206545,6,23.83924103,14.62675706,23.02474722,0,222,74
204241,6,13.92738724,14.52066448,22.54048008,0,159,53
199508,6,9.586169243,15.83953827,21.83269934,0,6,2
201428,6,24.58637428,15.22728388,22.37763906,0,69,23
207706,6,18.8090744,14.74471461,22.93946397,0,255,85
204639,6,18.42840958,14.32914093,22.68451469,0,165,55
201820,6,5.559463024,15.3513046,22.3444634,0,99,33
202979,6,13.42982197,15.06024045,22.5102165,0,108,36
203364,6,4.885714054,15.00903808,22.53838517,0,129,43
206948,6,16.96224213,14.73096157,23.09583663,0,237,79
207204,6,24.6300087,14.59584403,23.02447883,0,240,80
206827,6,24.4587326,14.61391993,23.10286878,0,225,75
201322,6,20.5918026,15.2153119,22.26336289,0,60,20
205802,6,15.24817944,14.44296392,23.2898757,0,201,67
203754,6,14.70318222,15.00084535,22.4714285,0,144,48
202089,6,11.9365406,15.2391008,22.37590088,0,93,31
205033,6,24.87491608,14.43951193,22.50346462,0,168,56
206185,6,20.67271042,14.85050072,23.11314577,0,213,71
207598,6,9.770523071,14.71240839,22.7280647,0,252,84
199404,6,11.5904665,15.97093683,21.84566746,0,27,9
202483,6,13.50918961,15.30681633,22.32858483,0,63,21
205424,6,19.85217285,14.84391376,22.5054452,0,177,59
204150,6,6.738523483,14.83271348,22.62702515,0,126,42
201716,6,13.74897766,15.04183886,22.53590492,0,72,24
199291,6,14.64317131,16.10526635,21.83782493,0,9,3
204538,6,20.98862076,14.50048991,22.71272237,0,162,54
206456,6,23.55275154,14.69895992,23.21518423,0,219,73
202876,6,9.387742043,14.99343771,22.4352502,0,117,39
206595,7,40.71482849,19.09472692,14.85522946,0,228,76
204291,7,44.88336945,18.98538414,14.95379392,0,156,52
203138,7,58.96025085,18.92539549,14.93503792,0,111,37
206976,7,43.49562073,19.08061198,14.87781006,0,234,78
200064,7,50.67292023,19.09658076,14.87919806,0,51,17
205184,7,47.4708252,18.94105077,14.93408388,0,180,60
201093,7,67.71424103,18.99978434,14.81299066,0,24,8
202633,7,55.17786789,19.04785836,14.9233452,0,90,30
201486,7,58.05053711,19.11063573,14.88570971,0,66,22
203667,7,48.25630569,19.00949681,14.93946926,0,144,48
201874,7,51.8053093,19.12281333,14.88697281,0,75,25
199570,7,57.96648407,19.05051304,14.84414348,0,30,10
203410,7,65.91940308,18.98656783,14.89199591,0,132,44
207761,7,42.68128967,19.03230183,14.87273463,0,261,87
200214,7,51.90109253,19.10924852,14.90390101,0,42,14
200598,7,52.17062759,19.11448244,14.84215217,0,57,19
206230,7,47.53643417,18.96421008,14.94350785,0,216,72
204693,7,54.98002243,18.98183953,14.90067847,0,153,51
203029,7,56.64945602,18.96029769,14.88456693,0,114,38
202139,7,64.94290924,19.14336007,14.88848719,0,78,26
207256,7,49.55672836,19.04628176,14.89986008,0,243,81
205848,7,44.61562729,18.96203015,14.9509767,0,207,69
203806,7,53.77980423,18.98800461,14.86475107,0,141,47
206877,7,42.23778534,19.05957058,14.8828935,0,237,79
201379,7,70.04891968,19.141536,14.90894118,0,69,23
205474,7,45.55564117,18.97363241,14.93631445,0,183,61
202529,7,53.2780571,19.02758797,14.91203784,0,102,34
205093,7,40.22372055,19.0098109,14.94515564,0,189,63
204196,7,45.98066711,19.01077354,15.00961999,0,159,53
201771,7,52.08975983,19.00119545,14.88774206,0,99,33
200490,7,58.82946777,19.01152822,14.8139275,0,18,6
199466,7,82.43448639,19.02021,14.77830639,0,6,2
206505,7,38.55084229,19.03062741,14.83890164,0,222,74
207660,7,42.02705383,19.05549088,14.8850258,0,255,85
204595,7,47.68888474,18.98722159,15.00025169,0,165,55
202929,7,53.14320374,18.94692073,14.93208292,0,108,36
204982,7,55.40230179,18.97400538,14.96845393,0,168,56
203316,7,55.477005,18.98660156,14.89436159,0,129,43
201275,7,55.99591827,19.13213978,14.82572957,0,60,20
207162,7,49.16631699,19.02429092,14.90689763,0,240,80
200253,7,76.84959412,19.03194585,14.7903061,0,3,1
202428,7,51.70815659,19.12102958,14.86161223,0,63,21
206140,7,38.48069763,18.98744735,14.94570881,0,213,71
205763,7,46.80619812,18.96839959,14.90723913,0,201,67
202050,7,54.69356537,19.01472411,14.91196269,0,93,31
204482,7,56.24537659,19.00274742,14.96428418,0,162,54
206785,7,40.92176437,19.04716712,14.86362003,0,225,75
200256,7,56.51309967,19.06252173,14.85040584,0,48,16
199360,7,69.24044037,19.00735086,14.87152132,0,27,9
205383,7,49.47710419,18.91853276,14.95555021,0,177,59
204102,7,65.96336365,18.97082413,14.92261037,0,126,42
201670,7,53.60388184,19.16067203,14.88921773,0,72,24
207556,7,50.47372437,19.06540183,14.87137747,0,252,84
206409,7,42.49840164,18.99512353,14.87338076,0,219,73
200909,7,63.26984406,19.00775881,14.82973349,0,21,7
202828,7,52.88763428,18.95341479,14.84511671,0,117,39
202320,7,62.98004913,19.02083663,14.90037301,0,87,29
199254,7,74.19364166,19.0061817,14.78276295,0,9,3
204891,7,45.41199112,18.93794662,14.97523267,0,171,57
206042,7,45.59700012,18.95354002,14.91642119,0,204,68
207066,7,50.32622147,19.02902871,14.88826167,0,246,82
199898,7,73.22638702,19.00148182,14.76324005,0,0,0
201183,7,52.90325165,19.08247486,14.89162785,0,45,15
207964,7,47.16498947,19.04610898,14.84973599,0,264,88
204386,7,46.39968872,18.99994719,14.91180495,0,150,50
206690,7,43.01062012,19.09044076,14.8651102,0,231,77
203234,7,56.44282532,19.00327097,14.85418731,0,135,45
199777,7,63.20572281,19.06066753,14.86688013,0,33,11
205664,7,39.82652283,18.99921141,14.93822355,0,195,65
207462,7,45.08820343,19.0489457,14.85444174,0,258,86
201574,7,58.56972885,19.06665427,14.90333732,0,81,27
201958,7,60.46820831,19.09499746,14.91007139,0,84,28
205286,7,43.325737,18.9990968,14.93093635,0,186,62
204005,7,51.57694626,18.99761103,14.88089862,0,138,46
199908,7,59.44746399,19.0736148,14.89981676,0,36,12
200809,7,70.03069305,18.99282892,14.80635568,0,12,4
203624,7,54.41571808,18.95933986,14.85094829,0,120,40
206317,7,41.35369873,18.9938124,14.93378567,0,210,70
202732,7,46.76532745,19.01676479,14.895186,0,105,35
207859,7,50.21289063,19.04734476,14.87364253,0,267,89
202226,7,51.12202835,19.02041004,14.8885322,0,96,32
203506,7,62.45441437,18.9420996,14.88640711,0,123,41
199669,7,63.36184311,19.02290515,14.80241775,0,15,5
200948,7,62.21735382,19.07202674,14.90255763,0,39,13
200699,7,56.29125214,19.09313008,14.87010563,0,54,18
205562,7,41.02734375,19.02517629,14.92702866,0,192,64
204794,7,43.88357925,18.9382578,14.97058866,0,174,58
205951,7,39.36580658,19.00168025,14.97252674,0,198,66
203902,7,43.67049789,19.01007178,14.90104537,0,147,49
207357,7,47.88594437,19.01870935,14.86039516,0,249,83
199303,8,4.425236225,17.90340572,23.49116446,0,9,3
204427,8,6.749218464,17.64035867,23.06500427,0,150,50
206090,8,4.401278973,17.40528474,23.24628717,0,204,68
208009,8,6.436414719,16.76975943,23.10263505,0,264,88
204937,8,8.797174454,17.74019085,23.09200547,0,171,57
207113,8,10.70962715,16.94509032,23.27379826,0,246,82
199823,8,2.712130547,17.78504489,23.08794583,0,33,11
201231,8,7.227449417,17.45267935,23.14286244,0,45,15
205710,8,2.471575499,17.79629689,23.25998222,0,195,65
203276,8,7.877882004,17.81188131,23.01163884,0,135,45
202003,8,9.935321808,17.22844347,23.23577797,0,84,28
201619,8,9.170395851,17.18553267,23.17346153,0,81,27
206737,8,5.80100441,17.02006811,23.27026605,0,231,77
202385,8,5.585561275,17.34995348,23.25756966,0,87,29
204054,8,12.84476089,17.76119678,22.99949241,0,138,46
207508,8,7.476577759,16.74194029,23.14611742,0,258,86
206362,8,5.70500946,17.22296897,23.3463362,0,210,70
200857,8,3.803496122,17.74420644,23.53071853,0,12,4
205340,8,2.420681953,17.58984456,23.2290517,0,186,62
202275,8,5.680673122,17.49520195,23.52529302,0,96,32
207910,8,7.261784077,16.89753315,23.1305285,0,267,89
203558,8,5.812425613,17.51419595,23.12641865,0,123,41
202788,8,3.666090965,17.41436526,23.3681868,0,105,35
199722,8,5.108283997,17.73987043,23.43023597,0,15,5
207017,8,8.091747284,17.00504061,23.33079435,0,234,78
204335,8,4.379871368,17.49031152,23.19159512,0,156,52
205998,8,9.746571541,17.62591114,23.14254724,0,198,66
200750,8,41.42365265,17.27581409,23.05662136,0,54,18
203954,8,2.409046173,17.48571749,23.15068513,0,147,49
204850,8,4.502332687,17.61822979,23.15957323,0,174,58
201138,8,3.253863335,17.7070625,23.17184817,0,24,8
206641,8,5.336266994,17.10587013,23.25478139,0,228,76
205617,8,2.557542562,17.76657427,23.209251,0,192,64
207408,8,6.54483223,16.88092842,23.22534575,0,249,83
205239,8,7.716210365,17.57521571,23.06551066,0,180,60
200119,8,39.89125443,17.33610415,23.15505041,0,51,17
203188,8,4.87612009,17.41824698,23.22097272,0,111,37
199995,8,7.567539692,17.44259693,23.39859671,0,36,12
200378,8,3.880244732,17.96492576,23.43334724,0,3,1
201530,8,85.58096313,17.53157959,23.04671823,0,66,22
202680,8,5.078499794,17.49999498,23.19975616,0,90,30
201918,8,17.68818092,17.34928522,23.25690844,0,75,25
201027,8,4.736888409,17.59850745,23.41370701,0,39,13
206275,8,7.407136917,17.17602185,23.25735996,0,216,72
201026,8,3.73794055,17.94131213,23.26613149,0,21,7
199617,8,2.677151203,17.65544784,23.37431427,0,30,10
203462,8,7.08816433,17.46173619,23.19628888,0,132,44
207813,8,7.024167538,16.72971958,23.11845972,0,261,87
202181,8,13.13974571,17.1465675,23.13029807,0,78,26
203716,8,6.948705196,17.22969963,23.10616064,0,120,40
203851,8,7.192226887,17.54868868,23.16665309,0,141,47
207307,8,7.381350994,16.90662911,23.30251709,0,243,81
204746,8,6.379619598,17.49552429,23.0878933,0,153,51
200010,8,2.395167112,18.01674836,23.49902751,0,0,0
200648,8,57.91109085,17.26208358,23.04465825,0,57,19
205902,8,4.825605392,17.30378707,23.24340032,0,207,69
203085,8,6.546248436,17.47067372,23.24902086,0,114,38
205523,8,6.515853882,17.5282466,23.14229742,0,183,61
206546,8,5.269514084,17.1012476,23.19543116,0,222,74
202582,8,4.476536274,17.5136555,23.55036525,0,102,34
205142,8,2.360961914,17.57373447,23.25926147,0,189,63
204244,8,3.3282094,17.7163949,23.36646438,0,159,53
200411,8,7.107427597,17.43808682,23.31646032,0,42,14
201435,8,82.64936066,17.53166371,23.0984646,0,69,23
200542,8,3.23688221,17.93166048,23.4476602,0,18,6
207709,8,6.268963337,16.82306631,23.14740023,0,255,85
199516,8,4.247504234,17.88987125,23.35808562,0,6,2
204641,8,4.845564365,17.75863354,23.101643,0,165,55
206951,8,6.899398804,16.91371504,23.27763744,0,237,79
203367,8,3.642977476,17.4901862,23.3134548,0,129,43
200422,8,8.264885902,17.35679155,23.23348591,0,48,16
202982,8,5.224609375,17.42716837,23.23330624,0,108,36
207206,8,6.591545582,17.03679823,23.29218634,0,240,80
201828,8,3.180131912,17.51200238,23.57569431,0,99,33
206186,8,4.383052349,17.17858976,23.23343329,0,213,71
205801,8,14.00201416,17.58254212,23.15938651,0,201,67
201327,8,74.33333588,17.34707846,23.11757706,0,60,20
203757,8,8.604929924,17.65403766,23.05670049,0,144,48
206829,8,6.202454567,17.21438156,23.2448419,0,225,75
205036,8,5.557710648,17.80743448,23.05044137,0,168,56
202097,8,4.824593544,17.49424027,23.39636637,0,93,31
207607,8,6.940267563,16.89948166,23.2807596,0,252,84
205428,8,6.907456398,17.5027185,23.17549447,0,177,59
199412,8,3.844756603,17.87712297,23.45866533,0,27,9
202484,8,85.54846191,17.43019891,23.11181678,0,63,21
201722,8,49.95422363,17.31753056,23.35964746,0,72,24
206457,8,6.068292141,17.11032346,23.19142677,0,219,73
204153,8,6.378156662,17.64732388,23.08895488,0,126,42
202879,8,25.07105064,17.64007,23.20173003,0,117,39
204542,8,6.961859703,17.82361468,23.1180212,0,162,54
206339,9,32.38200378,16.89836402,17.99736531,0,210,70
202754,9,29.7490921,16.88345531,17.89907225,0,105,35
199938,9,28.14340973,17.04384856,18.00526631,0,36,12
199937,9,37.10688019,17.19297973,17.97387616,0,0,0
203521,9,35.3129425,16.8700212,17.88229207,0,123,41
207878,9,29.05464363,16.96252844,17.86737362,0,267,89
202245,9,27.07436371,16.89835261,18.02138988,0,96,32
205579,9,25.37570953,16.95409136,17.91496221,0,192,64
203659,9,34.83816528,16.85852737,17.876783,0,120,40
200971,9,35.63236618,17.12465614,18.01126335,0,21,7
199690,9,33.84196472,17.12221015,18.00682955,0,15,5
204303,9,30.11417007,16.89779297,17.96488922,0,156,52
207374,9,25.91311264,16.92324564,17.96392752,0,249,83
206990,9,21.5430336,16.97296572,17.96337152,0,234,78
204814,9,23.83377838,16.83483505,17.89592837,0,174,58
200717,9,30.81345558,17.03277359,17.9709551,0,54,18
200083,9,30.10708618,17.0386531,17.9695645,0,51,17
205202,9,23.02625847,16.88571112,17.95698883,0,180,60
205969,9,27.24279785,16.93849944,17.96366286,0,198,66
206608,9,23.09295082,16.94449099,17.90495495,0,228,76
203920,9,35.93713379,16.90440259,17.8958083,0,147,49
202646,9,29.12923241,16.8894876,17.96957102,0,90,30
200982,9,35.74274063,17.05320435,18.05809768,0,39,13
203156,9,31.8972168,16.83194689,17.89499276,0,111,37
201112,9,35.0404892,17.07230144,18.01527073,0,24,8
201505,9,34.04526901,17.00016899,17.99462509,0,66,22
207777,9,27.42282677,16.94176726,17.9273331,0,261,87
201895,9,33.24761963,17.00790254,17.98454115,0,75,25
206247,9,31.54660034,16.83964982,17.93741706,0,216,72
199588,9,28.6612072,17.08621891,17.9882124,0,30,10
203428,9,36.09849167,16.86731151,17.87383544,0,132,44
203050,9,32.92352295,16.84364951,17.88159936,0,114,38
200617,9,32.3054657,17.01002857,17.94132618,0,57,19
207277,9,26.36338234,16.97268064,17.98996567,0,243,81
203821,9,35.0753212,16.89930607,17.86546206,0,141,47
204717,9,30.7232666,16.89165722,17.91465085,0,153,51
202156,9,36.09191895,16.9308016,17.96558978,0,78,26
204211,9,34.19355774,16.89072445,17.9419386,0,159,53
205874,9,24.25305939,16.95987373,18.04507639,0,207,69
206901,9,23.72414589,16.95263371,18.00409801,0,237,79
202548,9,23.90947533,16.87573663,17.96317537,0,102,34
203700,9,36.49880219,16.88231695,17.86731326,0,144,48
205498,9,21.15876198,16.90800157,17.92599425,0,183,61
205112,9,21.36235619,16.9498081,17.929091,0,189,63
206520,9,28.50848389,16.88801393,17.89833147,0,222,74
199486,9,30.94489479,17.10827546,17.97556441,0,6,2
207678,9,26.85126495,16.94545426,17.87246666,0,255,85
201404,9,28.84333038,16.99506229,17.98638398,0,69,23
200508,9,34.19386292,17.0872658,18.01992429,0,18,6
201792,9,30.90511131,16.91752689,18.03519416,0,99,33
204999,9,28.4692688,16.85697582,17.86498186,0,168,56
202950,9,26.9910984,16.82396313,17.92925559,0,108,36
203333,9,38.40611267,16.90272888,17.85342638,0,129,43
200260,9,35.92343521,17.03539157,18.0213939,0,42,14
204612,9,36.36579895,16.92077977,17.96471213,0,165,55
201289,9,28.00960541,17.0913676,17.97239046,0,60,20
206153,9,29.87699318,16.83927647,17.9372975,0,213,71
206798,9,28.41702461,16.8971673,17.87442703,0,225,75
207181,9,26.11683464,16.9465946,18.01300024,0,240,80
205779,9,25.41708946,16.95346184,17.97245043,0,201,67
202066,9,32.07981873,16.8991746,17.95614308,0,93,31
202450,9,28.22402573,17.02803403,17.96951855,0,63,21
207574,9,26.19649887,16.92201482,17.94406877,0,252,84
199382,9,33.75061798,17.09276734,18.00259531,0,27,9
204123,9,32.07054901,16.88231271,17.8615202,0,126,42
206427,9,30.21922874,16.85420554,17.88291794,0,219,73
204505,9,29.85123634,16.91096695,17.94093123,0,162,54
201688,9,28.43448257,16.97074154,18.00661377,0,72,24
205400,9,26.20098495,16.84364788,17.92900188,0,177,59
202848,9,29.67174911,16.84134137,17.88642764,0,117,39
199271,9,30.33654785,17.14588938,17.99180722,0,9,3
207080,9,24.16088486,16.93403877,17.96995652,0,246,82
206056,9,25.44486809,16.91113168,17.96678623,0,204,68
203247,9,36.39902878,16.83394013,17.8321262,0,135,45
202351,9,28.42306519,16.87549749,17.98304946,0,87,29
205679,9,25.49980927,16.95031338,17.95459614,0,195,65
201197,9,31.23468781,17.02187957,18.03536817,0,45,15
204908,9,23.35713959,16.87626161,17.90662504,0,171,57
199795,9,27.83554268,17.07801537,17.96174518,0,33,11
206706,9,20.40966988,17.01444855,17.96672274,0,231,77
200306,9,29.8608532,17.0280699,17.95814025,0,48,16
207984,9,29.41071892,16.95870413,17.88580062,0,264,88
204022,9,35.82416534,16.87250388,17.8518705,0,138,46
205302,9,23.39056396,16.89937008,17.92080467,0,186,62
201589,9,32.69977188,16.90232774,17.98405147,0,81,27
201972,9,31.57942772,16.88937737,17.97430141,0,84,28
204404,9,29.79862785,16.8584083,17.88274775,0,150,50
200826,9,32.86600876,17.11546168,18.02344006,0,12,4
207480,9,26.11918831,16.92338925,17.90741943,0,258,86
200317,9,34.74282455,17.14055768,17.99340921,0,3,1
202371,10,38.47794724,20.38161545,20.4522559,0,87,29
205699,10,43.65289307,20.53873488,20.55236089,0,195,65
204418,10,42.29491425,20.4180649,20.25897583,0,150,50
206721,10,18.88132477,20.51187068,20.49060102,0,231,77
199808,10,29.21085358,20.60182936,20.38178689,0,33,11
207494,10,39.51987839,20.48316381,20.31454356,0,258,86
201605,10,50.72740173,20.46643597,20.47723543,0,81,27
201988,10,32.73321533,20.4866581,20.43836381,0,84,28
204036,10,30.60079002,20.56577072,20.1526099,0,138,46
206346,10,48.76507187,20.39668343,20.32638671,0,210,70
200329,10,45.92198181,20.57678877,20.4955323,0,42,14
200841,10,47.79621124,21.05795413,20.2425323,0,12,4
205321,10,45.97410965,20.55969419,20.29023706,0,186,62
202258,10,26.2829361,20.46174073,20.28935466,0,96,32
203537,10,28.1108799,20.42331382,20.31446411,0,123,41
199959,10,52.46737671,21.14032402,20.24703977,0,0,0
202772,10,43.7221489,20.52443056,20.31788588,0,105,35
207898,10,27.6299057,20.4836773,20.37288411,0,267,89
199705,10,50.57380676,21.07959706,20.29409283,0,15,5
200351,10,37.53842545,20.94980231,20.25377919,0,3,1
200735,10,57.76211166,20.69440775,20.44274609,0,54,18
205598,10,36.43445969,20.58969389,20.3293958,0,192,64
206622,10,27.34376144,20.52590654,20.48896352,0,228,76
205981,10,35.74743271,20.55406461,20.57921418,0,198,66
207005,10,36.96322632,20.50626945,20.46852597,0,234,78
204835,10,53.72470474,20.65177461,20.33139479,0,174,58
204323,10,52.14435196,20.42102709,20.43773962,0,156,52
203682,10,38.16579056,20.5923741,20.22151545,0,120,40
205218,10,55.87651825,20.79274977,20.24484905,0,180,60
199969,10,32.25603104,20.4921148,20.47988872,0,36,12
207392,10,49.93240356,20.50277596,20.25760609,0,249,83
200103,10,51.19311523,20.76226057,20.44290655,0,51,17
203174,10,47.96291733,20.26020989,20.24065844,0,111,37
200998,10,53.28889084,21.0844097,20.31334278,0,21,7
202662,10,41.56230927,20.32760794,20.30328663,0,90,30
201125,10,51.95311737,21.0077023,20.36453445,0,24,8
203940,10,30.68112183,20.52784466,20.33435659,0,147,49
201005,10,40.61845398,20.62740044,20.55114136,0,39,13
203442,10,43.86231995,20.21758433,20.21864442,0,132,44
201520,10,54.10646057,20.50438734,20.56587808,0,66,22
199600,10,43.16981506,20.95744178,20.38856132,0,30,10
206261,10,33.53711319,20.37495984,20.45006097,0,216,72
207797,10,22.74440193,20.48715316,20.34974362,0,261,87
201909,10,40.66148376,20.65075354,20.57235315,0,75,25
203067,10,44.5915184,20.24849009,20.26782154,0,114,38
200377,10,45.02947235,20.73818222,20.43649485,0,48,16
202169,10,50.75882721,20.65240104,20.49160335,0,78,26
203839,10,34.14552307,20.3568124,20.17378574,0,141,47
200637,10,53.53396225,20.75979897,20.48260641,0,57,19
204732,10,23.96953964,20.43491526,20.39353357,0,153,51
207292,10,23.60617828,20.49206631,20.37183541,0,243,81
204227,10,58.78871155,20.31158675,20.3618276,0,159,53
205890,10,33.5032692,20.52942408,20.45199259,0,207,69
206533,10,23.66829872,20.52964492,20.30011128,0,222,74
205509,10,46.24105835,20.66149836,20.23177189,0,183,61
202564,10,38.04367447,20.2967023,20.27656295,0,102,34
201418,10,62.29909897,20.45838505,20.51533337,0,69,23
205130,10,38.03226471,20.57433833,20.38560238,0,189,63
206920,10,26.45183754,20.50631562,20.44666151,0,237,79
200520,10,60.02310562,21.03600051,20.39636931,0,18,6
199502,10,59.9510231,21.05915369,20.24202553,0,6,2
201806,10,30.20579338,20.41512966,20.31043361,0,99,33
207697,10,37.40824509,20.44918099,20.35651976,0,255,85
203351,10,40.02677917,20.33517054,20.3968716,0,129,43
204630,10,43.79572678,20.36765412,20.38614671,0,165,55
202966,10,63.73191833,20.33707997,20.39342445,0,108,36
207195,10,49.28918076,20.29123108,20.45797553,0,240,80
203739,10,28.82193375,20.44106492,20.2423453,0,144,48
206811,10,35.46757507,20.2713934,20.28715579,0,225,75
205019,10,46.5037384,20.24980824,20.45196705,0,168,56
206170,10,37.59996796,20.51382609,20.3182349,0,213,71
205790,10,38.66503143,20.54268426,20.40058235,0,201,67
207582,10,29.50605583,20.42218854,20.30394946,0,252,84
202082,10,19.63875389,20.44194773,20.33640908,0,93,31
201312,10,54.5136261,20.783412,20.57089234,0,60,20
199399,10,47.6449852,20.97013313,20.4305255,0,27,9
202470,10,49.60541534,20.75500426,20.55511612,0,63,21
205412,10,56.60357666,20.58329761,20.30481885,0,177,59
204522,10,42.92447662,20.43888588,20.41836887,0,162,54
204138,10,54.69912338,20.3378094,20.37190146,0,126,42
202862,10,38.47964096,20.26211236,20.22854404,0,117,39
201708,10,54.70228577,20.57979989,20.58357588,0,72,24
206444,10,36.8730011,20.42666038,20.43469877,0,219,73
199281,10,48.93867493,21.12883019,20.26405215,0,9,3
207093,10,16.72081757,20.54814557,20.30882653,0,246,82
206073,10,35.70355225,20.55630922,20.15932717,0,204,68
207999,10,18.5028019,20.53825075,20.23638146,0,264,88
203263,10,48.6112175,20.33555125,20.39278977,0,135,45
204927,10,51.40059662,20.53807548,20.35598618,0,171,57
201212,10,62.43537903,20.42058337,20.47510815,0,45,15
199634,11,2.388026714,15.73000039,9.165000229,0,15,5
200775,11,14.4312706,15.79500039,9.165000229,0,12,4
201062,11,2.772013426,15.8600004,9.165000229,0,24,8
199429,11,2.108305931,15.9900004,9.165000229,0,6,2
200457,11,10.38558483,15.8600004,9.165000229,0,18,6
200873,11,3.969126463,15.79500039,9.165000229,0,21,7
199320,11,1.318272233,15.73000039,9.165000229,0,27,9
199230,11,3.64696002,15.8600004,9.165000229,0,9,3
202123,12,1.757994175,10.1459257,12.14328138,0,78,26
201656,12,2.014037132,10.19084981,12.20128837,0,72,24
202408,12,1.442121983,10.28650888,12.20880722,0,63,21
201255,12,1.553770065,10.27915132,12.16493312,0,60,20
201852,12,1.936967373,10.14742838,12.22675595,0,75,25
201468,12,1.34389925,10.24123286,12.14423568,0,66,22
201139,14,1.595161557,21.17709641,23.26458717,0,24,8
200409,14,2.31256485,22.13580191,23.08318735,0,42,14
201233,14,1.684775949,21.82361966,23.35724135,0,45,15
199409,14,1.708152771,21.58170588,23.35287323,0,27,9
201025,14,3.09677887,22.12130549,23.20407736,0,39,13
199989,14,1.444927931,21.58099511,22.67386592,0,36,12
203370,19,3.625802755,20.3067442,23.95440242,0,129,43
203466,19,1.725698948,20.50352231,23.82013074,0,132,44
203714,19,3.372129679,20.37794332,22.70540046,0,120,40
203280,19,2.142177343,19.75682883,23.99390132,0,135,45
203559,19,2.652064323,19.85471125,23.12075158,0,123,41
204967,20,1.383520961,10.22580794,11.82474625,0,168,56
203787,20,1.498179436,10.21719105,11.89556554,0,141,47
204776,20,1.74169755,10.22339793,11.93003516,0,174,58
205167,20,2.398816347,10.36201186,11.80453189,0,180,60
203886,20,1.471392274,10.16777151,11.76141641,0,147,49
204270,20,1.519666433,10.24156851,11.5788386,0,156,52
204173,20,1.452613235,10.11964173,11.6965855,0,159,53
204877,20,1.426305294,10.31801075,11.83802459,0,171,57
204460,20,2.081169605,10.32760478,11.75410576,0,162,54
203986,20,1.462521434,10.23693941,11.82831929,0,138,46
203633,20,1.334954739,10.14818241,11.91703508,0,144,48
204368,20,1.550038457,10.29538162,11.86055695,0,150,50
205364,20,3.125241518,10.29276277,11.68727359,0,177,59
204670,20,1.559694052,10.29296448,11.74204104,0,153,51
207811,22,5.008219242,18.39202559,22.94655915,0,261,87
208007,22,6.737627029,18.36267741,22.84035026,0,264,88
206278,22,3.804122925,19.48298977,23.87452474,0,216,72
207310,22,4.372928143,18.2142649,23.756334,0,243,81
207116,22,4.206391335,18.46659726,23.57986454,0,246,82
206738,22,6.143511772,18.74274112,23.45973635,0,231,77
206096,22,5.412400246,19.53871968,24.09681041,0,204,68
205904,22,3.663659334,19.6822299,24.16919985,0,207,69
205526,22,1.451599956,19.37603198,24.22761965,0,183,61
207509,22,4.949752808,18.36256209,23.12577167,0,258,86
205716,22,5.810479164,19.52753311,23.98257344,0,195,65
205147,22,2.228585958,19.32474831,24.43734641,0,189,63
207707,22,4.530256271,18.37811134,23.09735592,0,255,85
206553,22,3.96900773,19.57334747,24.069647,0,222,74
205343,22,1.649942875,19.4990319,24.03376366,0,186,62
206365,22,2.861643553,19.68060568,23.96896064,0,210,70
207909,22,4.747531414,18.31086882,22.88912733,0,267,89
207019,22,4.686540604,18.57200261,23.54527808,0,234,78
207210,22,3.490653276,18.33239535,23.76235639,0,240,80
206831,22,3.505230904,19.19354197,23.61148698,0,225,75
205805,22,4.816761494,19.37834633,23.96802202,0,201,67
206956,22,3.879081726,18.47105764,23.83464728,0,237,79
206003,22,5.797250748,19.56659606,23.80284743,0,198,66
207410,22,3.277061224,18.80674135,23.32209676,0,249,83
206642,22,5.798532963,18.77289584,23.42840836,0,228,76
206192,22,2.96618247,19.66518688,24.13846631,0,213,71
205429,22,2.102123737,18.91812653,23.71543854,0,177,59
205620,22,4.0878582,19.39412219,23.96391693,0,192,64
207604,22,3.808412313,18.53251708,23.08905316,0,252,84
205244,22,1.938696384,19.50468282,23.98199862,0,180,60
206460,22,3.491453886,19.46475753,23.92770625,0,219,73
207043,23,5.684933186,10.08483177,11.43443347,0,246,82
206210,23,6.802995205,10.08344524,11.41720902,0,216,72
207234,23,6.519025803,10.00312443,11.62718235,0,243,81
207938,23,2.712277174,10.41920529,11.62902868,0,264,88
205829,23,1.812042713,10.3819294,11.51534834,0,207,69
206475,23,5.403540611,10.21235036,11.35330375,0,222,74
206667,23,5.776024818,10.23806004,11.52733264,0,231,77
206027,23,1.918984771,10.35360182,11.5618163,0,204,68
206856,23,5.486483097,10.17341604,11.58999275,0,237,79
207432,23,7.546788692,10.00158441,11.42100383,0,258,86
207631,23,7.115325928,9.859963723,11.39211211,0,255,85
206925,23,4.909603596,10.23777383,11.4655482,0,234,78
205644,23,2.037915945,10.36108575,11.79053945,0,195,65
206298,23,5.304986954,10.17547045,11.40237138,0,210,70
206115,23,4.427327156,10.16655909,11.42229164,0,213,71
207842,23,3.066878796,10.30731858,11.8749374,0,267,89
205543,23,1.577183843,10.23961813,11.71896731,0,192,64
207140,23,4.262255669,10.12960546,11.5620887,0,240,80
207337,23,6.795133114,10.0310358,11.53614338,0,249,83
205928,23,1.552651882,10.36505031,11.72624894,0,198,66
205740,23,1.989742875,10.38045353,11.67858321,0,201,67
206764,23,5.179067612,10.15785704,11.47686757,0,225,75
206387,23,5.183761597,10.17795572,11.4607746,0,219,73
207539,23,6.396002769,10.01497131,11.48389836,0,252,84
206576,23,6.82696104,10.16603689,11.49296564,0,228,76
207736,23,6.979731083,10.03295824,11.53900635,0,261,87
